ligne,station,ordre,correspondance,latitude,longitude
RER A 1,Cergy le Haut,1,,49.04787620336899,2.0109997600036325
RER A 1,Cergy Saint-Christophe,2,,49.049647005256354,2.034294461852662
RER A 1,Cergy Préfecture,3,,49.036463980725365,2.079534939997373
RER A 1,Neuville Université,4,,49.01413368498304,2.078306591409993
RER A 1,Conflans Fin d’Oise,5,,48.99033259105296,2.073955308732424
RER A 1,Achères Ville,6,,48.97066504832262,2.0777317645655984
RER A 1,Maisons Laffitte,7,,48.94550297190666,2.1450174376542583
RER A 1,Sartrouville,8,,48.93773606341459,2.1570864964698178
RER A 1,Houilles Carrières sur Seine,9,,48.92037937392436,2.185353376302864
RER A 1,Nanterre – Préfecture,10,,48.89574531120744,2.2232129684066617
RER A 1,La Défense Grande Arche,11,METRO 1,48.89218707644951,2.237018056395014
RER A 1,Charles de Gaulle – Étoile,12,"METRO 1, METRO 2, METRO 6",48.87481054112289,2.2958012223518693
RER A 1,Auber,13,"METRO 3, METRO 7, METRO 8, METRO 9, RER E",48.87215749487708,2.329927170608276
RER A 1,Châtelet – Les Halles,14,"METRO 1, METRO 4, METRO 7, METRO 11, METRO 14, RER B, RER D",48.85763141070005,2.3480365654004016
RER A 1,Paris-Gare de Lyon,15,"METRO 1, METRO 14, RER D",48.84476017126674,2.373593653262281
RER A 1,Nation,16,"METRO 1, METRO 2, METRO 6, METRO 9",48.84823711041019,2.395823588826126
RER A 1,Vincennes,17,,48.84445639456913,2.440439978057246
RER A 1,Fontenay sous Bois,18,,48.84379435193279,2.463501419487552
RER A 1,Nogent sur Marne,19,,48.83428889889616,2.471681242571033
RER A 1,Joinville le Pont,20,,48.82103881506317,2.4638567953623163
RER A 1,Saint-Maur – Créteil,21,,48.80620002476372,2.4727204038021715
RER A 1,Le Parc de Saint-Maur,22,,48.80537766216148,2.4863497487790744
RER A 1,Champigny,23,,48.80698507164625,2.510307237115641
RER A 1,La varenne Chennevières,24,,48.79538383561484,2.513423298184714
RER A 1,Sucy Bonneuil,25,,48.77170790696432,2.507482645714313
RER A 1,Boissy Saint Léger,26,,48.75218572078873,2.504559838342837
RER A 2,Poissy,1,,48.93326540612855,2.041072289675926
RER A 2,Achères Grand Cormier,2,,48.95540224453112,2.093521901580612
RER A 2,Maisons Laffitte,3,,48.94550297190666,2.1450174376542583
RER A 2,Sartrouville,4,,48.93773606341459,2.1570864964698178
RER A 2,Houilles Carrières sur Seine,5,,48.92037937392436,2.185353376302864
RER A 2,Nanterre – Préfecture,6,,48.89574531120744,2.2232129684066617
RER A 2,La Défense Grande Arche,7,METRO 1,48.89218707644951,2.237018056395014
RER A 2,Charles de Gaulle – Étoile,8,"METRO 1, METRO 2, METRO 6",48.87481054112289,2.2958012223518693
RER A 2,Auber,9,"METRO 3, METRO 7, METRO 8, METRO 9, RER E",48.87215749487708,2.329927170608276
RER A 2,Châtelet – Les Halles,10,"METRO 1, METRO 4, METRO 7, METRO 11, METRO 14, RER B, RER D",48.85763141070005,2.3480365654004016
RER A 2,Paris-Gare de Lyon,11,"METRO 1, METRO 14, RER D",48.84476017126674,2.373593653262281
RER A 2,Nation,12,"METRO 1, METRO 2, METRO 6, METRO 9",48.84823711041019,2.395823588826126
RER A 2,Vincennes,13,,48.84445639456913,2.440439978057246
RER A 2,Fontenay sous Bois,14,,48.84379435193279,2.463501419487552
RER A 2,Nogent sur Marne,15,,48.83428889889616,2.471681242571033
RER A 2,Joinville le Pont,16,,48.82103881506317,2.4638567953623163
RER A 2,Saint-Maur – Créteil,17,,48.80620002476372,2.4727204038021715
RER A 2,Le Parc de Saint-Maur,18,,48.80537766216148,2.4863497487790744
RER A 2,Champigny,19,,48.80698507164625,2.510307237115641
RER A 2,La varenne Chennevières,20,,48.79538383561484,2.513423298184714
RER A 2,Sucy Bonneuil,21,,48.77170790696432,2.507482645714313
RER A 2,Boissy Saint Léger,22,,48.75218572078873,2.504559838342837
RER A 3,Saint Germain en Laye,1,,48.90171349442861,2.0952137438353384
RER A 3,Le Vésinet – Le Pecq,2,,48.89797344633644,2.122117447472966
RER A 3,Le Vésinet – Centre,3,,48.89008623555386,2.134600875228717
RER A 3,Chatou-Croissy,4,,48.88521121820845,2.155903471896522
RER A 3,Rueil Malmaison,5,,48.88757361863876,2.172579447718415
RER A 3,Nanterre Ville,6,,48.89512589133458,2.195363986912901
RER A 3,Nanterre Université,7,,48.90101049575467,2.2135566086399585
RER A 3,Nanterre – Préfecture,8,,48.89574531120744,2.2232129684066617
RER A 3,La Défense Grande Arche,9,METRO 1,48.89218707644951,2.237018056395014
RER A 3,Charles de Gaulle – Étoile,10,"METRO 1, METRO 2, METRO 6",48.87481054112289,2.2958012223518693
RER A 3,Auber,11,"METRO 3, METRO 7, METRO 8, METRO 9, RER E",48.87215749487708,2.329927170608276
RER A 3,Châtelet – Les Halles,12,"METRO 1, METRO 4, METRO 7, METRO 11, METRO 14, RER B, RER D",48.85763141070005,2.3480365654004016
RER A 3,Paris-Gare de Lyon,13,"METRO 1, METRO 14, RER D",48.84476017126674,2.373593653262281
RER A 3,Nation,14,"METRO 1, METRO 2, METRO 6, METRO 9",48.84823711041019,2.395823588826126
RER A 3,Vincennes,15,,48.84445639456913,2.440439978057246
RER A 3,Fontenay sous Bois,16,,48.84379435193279,2.463501419487552
RER A 3,Nogent sur Marne,17,,48.83428889889616,2.471681242571033
RER A 3,Joinville le Pont,18,,48.82103881506317,2.4638567953623163
RER A 3,Saint-Maur – Créteil,19,,48.80620002476372,2.4727204038021715
RER A 3,Le Parc de Saint-Maur,20,,48.80537766216148,2.4863497487790744
RER A 3,Champigny,21,,48.80698507164625,2.510307237115641
RER A 3,La varenne Chennevières,22,,48.79538383561484,2.513423298184714
RER A 3,Sucy Bonneuil,23,,48.77170790696432,2.507482645714313
RER A 3,Boissy Saint Léger,24,,48.75218572078873,2.504559838342837
RER A 4,Cergy le Haut,1,,49.04787620336899,2.0109997600036325
RER A 4,Cergy Saint-Christophe,2,,49.049647005256354,2.034294461852662
RER A 4,Cergy Préfecture,3,,49.036463980725365,2.079534939997373
RER A 4,Neuville Université,4,,49.01413368498304,2.078306591409993
RER A 4,Conflans Fin d’Oise,5,,48.99033259105296,2.073955308732424
RER A 4,Achères Ville,6,,48.97066504832262,2.0777317645655984
RER A 4,Maisons Laffitte,7,,48.94550297190666,2.1450174376542583
RER A 4,Sartrouville,8,,48.93773606341459,2.1570864964698178
RER A 4,Houilles Carrières sur Seine,9,,48.92037937392436,2.185353376302864
RER A 4,Nanterre – Préfecture,10,,48.89574531120744,2.2232129684066617
RER A 4,La Défense Grande Arche,11,METRO 1,48.89218707644951,2.237018056395014
RER A 4,Charles de Gaulle – Étoile,12,"METRO 1, METRO 2, METRO 6",48.87481054112289,2.2958012223518693
RER A 4,Auber,13,"METRO 3, METRO 7, METRO 8, METRO 9, RER E",48.87215749487708,2.329927170608276
RER A 4,Châtelet – Les Halles,14,"METRO 1, METRO 4, METRO 7, METRO 11, METRO 14, RER B, RER D",48.85763141070005,2.3480365654004016
RER A 4,Paris-Gare de Lyon,15,"METRO 1, METRO 14, RER D",48.84476017126674,2.373593653262281
RER A 4,Nation,16,"METRO 1, METRO 2, METRO 6, METRO 9",48.84823711041019,2.395823588826126
RER A 4,Vincennes,17,,48.84445639456913,2.440439978057246
RER A 4,Val de Fontenay,18,RER E,48.84379435193279,2.463501419487552
RER A 4,Neuilly Plaisance,19,,48.85290746280475,2.5143124384334405
RER A 4,Bry sur Marne,20,,48.84519309666404,2.525615908439546
RER A 4,Noisy le Grand Mont d’Est,21,,48.8408443721592,2.549900487641346
RER A 4,Noisy Champs,22,,48.84288484082361,2.5800859119743564
RER A 4,Noisiel,23,,48.84350923944823,2.616678624694602
RER A 4,Lognes,24,,48.83921929995165,2.6332109134176336
RER A 4,Torcy,25,,48.83964551726303,2.655130086641314
RER A 4,Bussy Saint-Georges,26,,48.83653643294523,2.708981742262277
RER A 4,Val d’Europe,27,,48.85571218259815,2.7739114636634605
RER A 4,Marne la Vallée Chessy,28,,48.87052333273611,2.7833330594938266
RER A 5,Poissy,1,,48.93326540612855,2.041072289675926
RER A 5,Achères Grand Cormier,2,,48.95540224453112,2.093521901580612
RER A 5,Maisons Laffitte,3,,48.94550297190666,2.1450174376542583
RER A 5,Sartrouville,4,,48.93773606341459,2.1570864964698178
RER A 5,Houilles Carrières sur Seine,5,,48.92037937392436,2.185353376302864
RER A 5,Nanterre – Préfecture,6,,48.89574531120744,2.2232129684066617
RER A 5,La Défense Grande Arche,7,METRO 1,48.89218707644951,2.237018056395014
RER A 5,Charles de Gaulle – Étoile,8,"METRO 1, METRO 2, METRO 6",48.87481054112289,2.2958012223518693
RER A 5,Auber,9,"METRO 3, METRO 7, METRO 8, METRO 9, RER E",48.87215749487708,2.329927170608276
RER A 5,Châtelet – Les Halles,10,"METRO 1, METRO 4, METRO 7, METRO 11, METRO 14, RER B, RER D",48.85763141070005,2.3480365654004016
RER A 5,Paris-Gare de Lyon,11,"METRO 1, METRO 14, RER D",48.84476017126674,2.373593653262281
RER A 5,Nation,12,"METRO 1, METRO 2, METRO 6, METRO 9",48.84823711041019,2.395823588826126
RER A 5,Vincennes,13,,48.84445639456913,2.440439978057246
RER A 5,Val de Fontenay,14,RER E,48.84379435193279,2.463501419487552
RER A 5,Neuilly Plaisance,15,,48.85290746280475,2.5143124384334405
RER A 5,Bry sur Marne,16,,48.84519309666404,2.525615908439546
RER A 5,Noisy le Grand Mont d’Est,17,,48.8408443721592,2.549900487641346
RER A 5,Noisy Champs,18,,48.84288484082361,2.5800859119743564
RER A 5,Noisiel,19,,48.84350923944823,2.616678624694602
RER A 5,Lognes,20,,48.83921929995165,2.6332109134176336
RER A 5,Torcy,21,,48.83964551726303,2.655130086641314
RER A 5,Bussy Saint-Georges,22,,48.83653643294523,2.708981742262277
RER A 5,Val d’Europe,23,,48.85571218259815,2.7739114636634605
RER A 5,Marne la Vallée Chessy,24,,48.87052333273611,2.7833330594938266
RER A 6,Saint Germain en Laye,1,,48.90171349442861,2.0952137438353384
RER A 6,Le Vésinet – Le Pecq,2,,48.89797344633644,2.122117447472966
RER A 6,Le Vésinet – Centre,3,,48.89008623555386,2.134600875228717
RER A 6,Chatou-Croissy,4,,48.88521121820845,2.155903471896522
RER A 6,Rueil Malmaison,5,,48.88757361863876,2.172579447718415
RER A 6,Nanterre Ville,6,,48.89512589133458,2.195363986912901
RER A 6,Nanterre Université,7,,48.90101049575467,2.2135566086399585
RER A 6,Nanterre – Préfecture,8,,48.89574531120744,2.2232129684066617
RER A 6,La Défense Grande Arche,9,METRO 1,48.89218707644951,2.237018056395014
RER A 6,Charles de Gaulle – Étoile,10,"METRO 1, METRO 2, METRO 6",48.87481054112289,2.2958012223518693
RER A 6,Auber,11,"METRO 3, METRO 7, METRO 8, METRO 9, RER E",48.87215749487708,2.329927170608276
RER A 6,Châtelet – Les Halles,12,"METRO 1, METRO 4, METRO 7, METRO 11, METRO 14, RER B, RER D",48.85763141070005,2.3480365654004016
RER A 6,Paris-Gare de Lyon,13,"METRO 1, METRO 14, RER D",48.84476017126674,2.373593653262281
RER A 6,Nation,14,"METRO 1, METRO 2, METRO 6, METRO 9",48.84823711041019,2.395823588826126
RER A 6,Vincennes,15,,48.84445639456913,2.440439978057246
RER A 6,Val de Fontenay,16,RER E,48.84379435193279,2.463501419487552
RER A 6,Neuilly Plaisance,17,,48.85290746280475,2.5143124384334405
RER A 6,Bry sur Marne,18,,48.84519309666404,2.525615908439546
RER A 6,Noisy le Grand Mont d’Est,19,,48.8408443721592,2.549900487641346
RER A 6,Noisy Champs,20,,48.84288484082361,2.5800859119743564
RER A 6,Noisiel,21,,48.84350923944823,2.616678624694602
RER A 6,Lognes,22,,48.83921929995165,2.6332109134176336
RER A 6,Torcy,23,,48.83964551726303,2.655130086641314
RER A 6,Bussy Saint-Georges,24,,48.83653643294523,2.708981742262277
RER A 6,Val d’Europe,25,,48.85571218259815,2.7739114636634605
RER A 6,Marne la Vallée Chessy,26,,48.87052333273611,2.7833330594938266
RER B 1,Aéroport Charles de Gaulle 2 TGV,1,,49.00468746180567,2.57058948552452
RER B 1,Aéroport Charles de Gaulle 1,2,,49.009756452138376,2.5612326952251063
RER B 1,Parc des Expositions,3,,48.97342490721537,2.514360285533493
RER B 1,Villepinte,4,,48.962709513300425,2.512644627819613
RER B 1,Sevran Beaudottes,5,,48.9468939111449,2.524779047056861
RER B 1,Aulnay-sous-Bois,6,,48.93219600596196,2.495513142584314
RER B 1,Le Blanc-Mesnil,7,,48.93230541606913,2.475674370833512
RER B 1,Drancy,8,,48.93270621869947,2.4547663827657766
RER B 1,Le Bourget,9,,48.93073957031752,2.4257914255599538
RER B 1,La Courneuve - Aubervilliers,10,,48.92435387966093,2.386388291064694
RER B 1,La Plaine - Stade de France,11,,48.91800820579238,2.362470767055213
RER B 1,Gare du Nord,12,"RER D, RER E, Métro 2, Métro 4, Métro 5",48.87979369411629,2.355791907531139
RER B 1,Châtelet - Les Halles,13,"RER A, RER D, Métro 1, Métro 4, Métro 7, Métro 11, Métro 14",48.85763141070005,2.3480365654004016
RER B 1,Saint-Michel - Notre-Dame,14,"RER C, Métro 10",48.85353290071982,2.3452883321974305
RER B 1,Luxembourg,15,,48.84543415048044,2.339762849560476
RER B 1,Port-Royal,16,,48.840033787418086,2.3370964308800906
RER B 1,Denfert-Rochereau,17,"Métro 4, Métro 6",48.8342929804732,2.33285230996089
RER B 1,Cité Universitaire,18,,48.82035003419018,2.3385807496409954
RER B 1,Gentilly,19,,48.81522993471633,2.340891132444595
RER B 1,Laplace,20,,48.80829658863144,2.334354309639648
RER B 1,Arcueil - Cachan,21,,48.79889250008068,2.328136923064751
RER B 1,Bagneux,22,,48.79333629623622,2.322201633670121
RER B 1,Bourg-la-Reine,23,,48.78031379639699,2.312307716888594
RER B 1,Sceaux,24,,48.78135672132316,2.2976476777940333
RER B 1,Fontenay-aux-Roses,25,,48.78756672836799,2.292988009258979
RER B 1,Robinson,26,,48.78023729710839,2.281430595437462
RER B 2,Mitry - Claye,1,,48.97585875402046,2.6424063023101896
RER B 2,Villeparisis - Mitry-le-Neuf,2,,48.95314838758261,2.6031353051184487
RER B 2,Vert-Galant,3,,48.944181065974725,2.5664480169630006
RER B 2,Sevran - Livry,4,,48.936280185651775,2.534714974742524
RER B 2,Aulnay-sous-Bois,5,,48.93219600596196,2.495513142584314
RER B 2,Le Blanc-Mesnil,6,,48.93230541606913,2.475674370833512
RER B 2,Drancy,7,,48.93270621869947,2.4547663827657766
RER B 2,Le Bourget,8,,48.93073957031752,2.4257914255599538
RER B 2,La Courneuve - Aubervilliers,9,,48.92435387966093,2.386388291064694
RER B 2,La Plaine - Stade de France,10,,48.91800820579238,2.362470767055213
RER B 2,Gare du Nord,11,"RER D, RER E, Métro 2, Métro 4, Métro 5",48.87979369411629,2.355791907531139
RER B 2,Châtelet - Les Halles,12,"RER A, RER D, Métro 1, Métro 4, Métro 7, Métro 11, Métro 14",48.85763141070005,2.3480365654004016
RER B 2,Saint-Michel - Notre-Dame,13,"RER C, Métro 10",48.85353290071982,2.3452883321974305
RER B 2,Luxembourg,14,,48.84543415048044,2.339762849560476
RER B 2,Port-Royal,15,,48.840033787418086,2.3370964308800906
RER B 2,Denfert-Rochereau,16,"Métro 4, Métro 6",48.8342929804732,2.33285230996089
RER B 2,Cité Universitaire,17,,48.82035003419018,2.3385807496409954
RER B 2,Gentilly,18,,48.81522993471633,2.340891132444595
RER B 2,Laplace,19,,48.80829658863144,2.334354309639648
RER B 2,Arcueil - Cachan,20,,48.79889250008068,2.328136923064751
RER B 2,Bagneux,21,,48.79333629623622,2.322201633670121
RER B 2,Bourg-la-Reine,22,,48.78031379639699,2.312307716888594
RER B 2,Sceaux,23,,48.78135672132316,2.2976476777940333
RER B 2,Fontenay-aux-Roses,24,,48.78756672836799,2.292988009258979
RER B 2,Robinson,25,,48.78023729710839,2.281430595437462
RER B 3,Aéroport Charles de Gaulle 2 TGV,1,,49.00468746180567,2.57058948552452
RER B 3,Aéroport Charles de Gaulle 1,2,,49.009756452138376,2.5612326952251063
RER B 3,Parc des Expositions,3,,48.97342490721537,2.514360285533493
RER B 3,Villepinte,4,,48.962709513300425,2.512644627819613
RER B 3,Sevran Beaudottes,5,,48.9468939111449,2.524779047056861
RER B 3,Aulnay-sous-Bois,6,,48.93219600596196,2.495513142584314
RER B 3,Le Blanc-Mesnil,7,,48.93230541606913,2.475674370833512
RER B 3,Drancy,8,,48.93270621869947,2.4547663827657766
RER B 3,Le Bourget,9,,48.93073957031752,2.4257914255599538
RER B 3,La Courneuve - Aubervilliers,10,,48.92435387966093,2.386388291064694
RER B 3,La Plaine - Stade de France,11,,48.91800820579238,2.362470767055213
RER B 3,Gare du Nord,12,"RER D, RER E, Métro 2, Métro 4, Métro 5",48.87979369411629,2.355791907531139
RER B 3,Châtelet - Les Halles,13,"RER A, RER D, Métro 1, Métro 4, Métro 7, Métro 11, Métro 14",48.85763141070005,2.3480365654004016
RER B 3,Saint-Michel - Notre-Dame,14,"RER C, Métro 10",48.85353290071982,2.3452883321974305
RER B 3,Luxembourg,15,,48.84543415048044,2.339762849560476
RER B 3,Port-Royal,16,,48.840033787418086,2.3370964308800906
RER B 3,Denfert-Rochereau,17,"Métro 4, Métro 6",48.8342929804732,2.33285230996089
RER B 3,Cité Universitaire,18,,48.82035003419018,2.3385807496409954
RER B 3,Gentilly,19,,48.81522993471633,2.340891132444595
RER B 3,Laplace,20,,48.80829658863144,2.334354309639648
RER B 3,Arcueil - Cachan,21,,48.79889250008068,2.328136923064751
RER B 3,Bagneux,22,,48.79333629623622,2.322201633670121
RER B 3,Bourg-la-Reine,23,,48.78031379639699,2.312307716888594
RER B 3,Parc de Sceaux,24,,48.78135672132316,2.2976476777940333
RER B 3,La Croix de Berny,25,,48.76297047049109,2.3047519014655244
RER B 3,Antony,26,,48.754946525531125,2.300986855734952
RER B 3,Fontaine Michalon,27,,48.743016569903006,2.295921406897603
RER B 3,Les Baconnets,28,,48.73968104253053,2.287667495463073
RER B 3,Massy - Verrières,29,RER C,48.73488814734515,2.274002404484248
RER B 3,Massy - Palaiseau,30,RER C,48.724729144431606,2.257515004584038
RER B 3,Palaiseau,31,,48.71694628758515,2.245672514581906
RER B 3,Palaiseau - Villebon,32,,48.70814058364534,2.237314364639455
RER B 3,Lozère,33,,48.70596898482229,2.212262378017493
RER B 3,Le Guichet,34,,48.70540392478546,2.1927348848067565
RER B 3,Orsay-Ville,35,,48.69750567080332,2.1810544390412185
RER B 3,Bures-sur-Yvette,36,,48.696252747814434,2.1643782427741725
RER B 3,La Hacquinière,37,,48.695264122108014,2.151642038623571
RER B 3,Gif-sur-Yvette,38,,48.698196976301936,2.136566717058361
RER B 3,Courcelle-sur-Yvette,39,,48.70121772031537,2.097975858420524
RER B 3,Saint-Rémy-lès-Chevreuse,40,,48.70275104207729,2.071242846320578
RER B 4,Mitry - Claye,1,,48.97585875402046,2.6424063023101896
RER B 4,Villeparisis - Mitry-le-Neuf,2,,48.95314838758261,2.6031353051184487
RER B 4,Vert-Galant,3,,48.944181065974725,2.5664480169630006
RER B 4,Sevran - Livry,4,,48.936280185651775,2.534714974742524
RER B 4,Aulnay-sous-Bois,5,,48.93219600596196,2.495513142584314
RER B 4,Le Blanc-Mesnil,6,,48.93230541606913,2.475674370833512
RER B 4,Drancy,7,,48.93270621869947,2.4547663827657766
RER B 4,Le Bourget,8,,48.93073957031752,2.4257914255599538
RER B 4,La Courneuve - Aubervilliers,9,,48.92435387966093,2.386388291064694
RER B 4,La Plaine - Stade de France,10,,48.91800820579238,2.362470767055213
RER B 4,Gare du Nord,11,"RER D, RER E, Métro 2, Métro 4, Métro 5",48.87979369411629,2.355791907531139
RER B 4,Châtelet - Les Halles,12,"RER A, RER D, Métro 1, Métro 4, Métro 7, Métro 11, Métro 14",48.85763141070005,2.3480365654004016
RER B 4,Saint-Michel - Notre-Dame,13,"RER C, Métro 10",48.85353290071982,2.3452883321974305
RER B 4,Luxembourg,14,,48.84543415048044,2.339762849560476
RER B 4,Port-Royal,15,,48.840033787418086,2.3370964308800906
RER B 4,Denfert-Rochereau,16,"Métro 4, Métro 6",48.8342929804732,2.33285230996089
RER B 4,Cité Universitaire,17,,48.82035003419018,2.3385807496409954
RER B 4,Gentilly,18,,48.81522993471633,2.340891132444595
RER B 4,Laplace,19,,48.80829658863144,2.334354309639648
RER B 4,Arcueil - Cachan,20,,48.79889250008068,2.328136923064751
RER B 4,Bagneux,21,,48.79333629623622,2.322201633670121
RER B 4,Bourg-la-Reine,22,,48.78031379639699,2.312307716888594
RER B 4,Parc de Sceaux,23,,48.78135672132316,2.2976476777940333
RER B 4,La Croix de Berny,24,,48.76297047049109,2.3047519014655244
RER B 4,Antony,25,,48.754946525531125,2.300986855734952
RER B 4,Fontaine Michalon,26,,48.743016569903006,2.295921406897603
RER B 4,Les Baconnets,27,,48.73968104253053,2.287667495463073
RER B 4,Massy - Verrières,28,RER C,48.73488814734515,2.274002404484248
RER B 4,Massy - Palaiseau,29,RER C,48.724729144431606,2.257515004584038
RER B 4,Palaiseau,30,,48.71694628758515,2.245672514581906
RER B 4,Palaiseau - Villebon,31,,48.70814058364534,2.237314364639455
RER B 4,Lozère,32,,48.70596898482229,2.212262378017493
RER B 4,Le Guichet,33,,48.70540392478546,2.1927348848067565
RER B 4,Orsay-Ville,34,,48.69750567080332,2.1810544390412185
RER B 4,Bures-sur-Yvette,35,,48.696252747814434,2.1643782427741725
RER B 4,La Hacquinière,36,,48.695264122108014,2.151642038623571
RER B 4,Gif-sur-Yvette,37,,48.698196976301936,2.136566717058361
RER B 4,Courcelle-sur-Yvette,38,,48.70121772031537,2.097975858420524
RER B 4,Saint-Rémy-lès-Chevreuse,39,,48.70275104207729,2.071242846320578
RER C 1,Pontoise,1,,49.04664576264113,2.0951950672259687
RER C 1,Saint-Ouen l’Aumône,2,,49.04531164835026,2.105110703444508
RER C 1,Saint-Ouen l’Aumône Liesse,3,,49.033987636271455,2.128263873923673
RER C 1,Pierrelaye,4,,49.01913673984224,2.1546634856409232
RER C 1,Montigny Beauchamp,5,,49.00776771927004,2.1965029019130347
RER C 1,Franconville Le Plessis-Bouchard,6,,48.99371348038584,2.234276393996537
RER C 1,Cernay,7,,48.98500470125916,2.2574741572503108
RER C 1,Ermont Eaubonne,8,,48.98064610042599,2.272084772747632
RER C 1,Saint-Gratien,9,,48.96358968487316,2.285930718208942
RER C 1,Épinay-sur-Seine,10,,48.95456256277917,2.302305082030494
RER C 1,Gennevilliers,11,,48.93344984077206,2.307089653527024
RER C 1,Les Grésillons,12,,48.92087280435658,2.313835382457718
RER C 1,Saint-Ouen,13,METRO 14,48.9045663899011,2.3226263683342268
RER C 1,Porte de Clichy,14,"14,METRO 13, METRO 14",48.8946243340091,2.3142338462894254
RER C 1,Péreire Levallois,15,METRO 3,48.88489625515052,2.297724346480177
RER C 1,Neuilly Porte Maillot,16,"16,METRO 1, RER E",48.87793268655634,2.282976188020842
RER C 1,Avenue Foch,17,METRO 2,48.86983048899632,2.274808153642234
RER C 1,Avenue Henri Martin,18,METRO 9,48.86546235708394,2.2721593819194146
RER C 1,Boulainvilliers,19,METRO 9,48.85697199584854,2.2747933246088805
RER C 1,Avenue du Président Kennedy,20,,48.85347987411441,2.280456465295624
RER C 1,Champ de Mars,21,METRO 6,48.85645721154175,2.2898035182585
RER C 1,Pont de l’Alma,22,METRO 9,48.86266245169435,2.300989969386769
RER C 1,Invalides,23,"23,METRO 8, METRO 13",48.86002845820203,2.3139151192031537
RER C 1,Musée d’Orsay,24,METRO 12,48.86035143402621,2.3267597744418103
RER C 1,Saint-Michel Notre Dame,25,"25,RER B, METRO 4, METRO 10",48.85353290071982,2.3452883321974305
RER C 1,Paris Austerlitz,26,"26,METRO 5, METRO 10",48.842436797924776,2.365184811993381
RER C 1,Bibliothèque François Mitterrand,27,METRO 14,48.82999019989919,2.375747983215603
RER C 1,Ivry sur Seine,28,METRO 7,48.81398905200947,2.3916869716625384
RER C 1,Vitry sur Seine,29,,48.80020939834459,2.40271281718153
RER C 1,Les Ardoines,30,,48.78222618353015,2.4095902349857026
RER C 1,Choisy le Roi,31,,48.76378680955172,2.411386724936104
RER C 1,Les Saules,32,,48.74507216689389,2.4175209778964915
RER C 1,Orly Ville,33,,48.741878705678886,2.40290860736794
RER C 1,Pont de Rungis,34,METRO 14,48.72955072266279,2.3682641286195816
RER C 1,Rungis La Fraternelle,35,,48.74019544820277,2.351633198171911
RER C 1,Chemin d’Antony,36,,48.74794190188695,2.3127110135157984
RER C 1,Massy Verrières,37,RER B,48.73488814734515,2.274002404484248
RER C 1,Massy Palaiseau,38,RER B,48.724729144431606,2.257515004584038
RER C 2,Pontoise,1,,49.04664576264113,2.0951950672259687
RER C 2,Saint-Ouen l’Aumône,2,,49.04531164835026,2.105110703444508
RER C 2,Saint-Ouen l’Aumône Liesse,3,,49.033987636271455,2.128263873923673
RER C 2,Pierrelaye,4,,49.01913673984224,2.1546634856409232
RER C 2,Montigny Beauchamp,5,,49.00776771927004,2.1965029019130347
RER C 2,Franconville Le Plessis-Bouchard,6,,48.99371348038584,2.234276393996537
RER C 2,Cernay,7,,48.98500470125916,2.2574741572503108
RER C 2,Ermont Eaubonne,8,,48.98064610042599,2.272084772747632
RER C 2,Saint-Gratien,9,,48.96358968487316,2.285930718208942
RER C 2,Épinay-sur-Seine,10,,48.95456256277917,2.302305082030494
RER C 2,Gennevilliers,11,,48.93344984077206,2.307089653527024
RER C 2,Les Grésillons,12,,48.92087280435658,2.313835382457718
RER C 2,Saint-Ouen,13,METRO 14,48.9045663899011,2.3226263683342268
RER C 2,Porte de Clichy,14,"14,METRO 13, METRO 14",48.8946243340091,2.3142338462894254
RER C 2,Péreire Levallois,15,METRO 3,48.88489625515052,2.297724346480177
RER C 2,Neuilly Porte Maillot,16,"16,METRO 1, RER E",48.87793268655634,2.282976188020842
RER C 2,Avenue Foch,17,METRO 2,48.86983048899632,2.274808153642234
RER C 2,Avenue Henri Martin,18,METRO 9,48.86546235708394,2.2721593819194146
RER C 2,Boulainvilliers,19,METRO 9,48.85697199584854,2.2747933246088805
RER C 2,Avenue du Président Kennedy,20,,48.85347987411441,2.280456465295624
RER C 2,Champ de Mars,21,METRO 6,48.85645721154175,2.2898035182585
RER C 2,Pont de l’Alma,22,METRO 9,48.86266245169435,2.300989969386769
RER C 2,Invalides,23,"23,METRO 8, METRO 13",48.86002845820203,2.3139151192031537
RER C 2,Musée d’Orsay,24,METRO 12,48.86035143402621,2.3267597744418103
RER C 2,Saint-Michel Notre Dame,25,"25,RER B, METRO 4, METRO 10",48.85353290071982,2.3452883321974305
RER C 2,Paris Austerlitz,26,"26,METRO 5, METRO 10",48.842436797924776,2.365184811993381
RER C 2,Bibliothèque François Mitterrand,27,METRO 14,48.82999019989919,2.375747983215603
RER C 2,Ivry sur Seine,28,METRO 7,48.81398905200947,2.3916869716625384
RER C 2,Vitry sur Seine,29,,48.80020939834459,2.40271281718153
RER C 2,Les Ardoines,30,,48.78222618353015,2.4095902349857026
RER C 2,Choisy le Roi,31,,48.76378680955172,2.411386724936104
RER C 2,Villeneuve le Roi,32,,48.73983069943655,2.4263998204748227
RER C 2,Ablon,33,,48.7255353048612,2.4195650243879334
RER C 2,Athis Mons,34,,48.71262898747626,2.403633104908492
RER C 2,Juvisy,35,RER D,48.689764622382576,2.382846099452605
RER C 2,Savigny sur Orge,36,,48.676446656997726,2.3524814010489976
RER C 2,Épinay sur Orge,37,,48.67063926645666,2.335359426259652
RER C 2,Sainte-Geneviève des Bois,38,,48.65281140144265,2.312736251060263
RER C 2,Saint-Michel sur Orge,39,,48.63587586133944,2.3068331640148254
RER C 2,Brétigny,40,,48.606744948948126,2.302059691582639
RER C 2,Marolles en Hurepoix,41,,48.56559386282182,2.2909244684897176
RER C 2,Bouray,42,,48.53289010324473,2.2900825138403964
RER C 2,Lardy,43,,48.52040359106998,2.254739702427517
RER C 2,Chamarande,44,,48.514245875300325,2.21551781194949
RER C 2,Étréchy,45,,48.49364457849669,2.1945817005254264
RER C 2,Étampes,46,,48.4369239376403,2.1595305875651545
RER C 2,Saint Martin d’Étampes,47,,48.42736258418355,2.145246592903116
RER C 3,Pontoise,1,,49.04664576264113,2.0951950672259687
RER C 3,Saint-Ouen l’Aumône,2,,49.04531164835026,2.105110703444508
RER C 3,Saint-Ouen l’Aumône Liesse,3,,49.033987636271455,2.128263873923673
RER C 3,Pierrelaye,4,,49.01913673984224,2.1546634856409232
RER C 3,Montigny Beauchamp,5,,49.00776771927004,2.1965029019130347
RER C 3,Franconville Le Plessis-Bouchard,6,,48.99371348038584,2.234276393996537
RER C 3,Cernay,7,,48.98500470125916,2.2574741572503108
RER C 3,Ermont Eaubonne,8,,48.98064610042599,2.272084772747632
RER C 3,Saint-Gratien,9,,48.96358968487316,2.285930718208942
RER C 3,Épinay-sur-Seine,10,,48.95456256277917,2.302305082030494
RER C 3,Gennevilliers,11,,48.93344984077206,2.307089653527024
RER C 3,Les Grésillons,12,,48.92087280435658,2.313835382457718
RER C 3,Saint-Ouen,13,METRO 14,48.9045663899011,2.3226263683342268
RER C 3,Porte de Clichy,14,"14,METRO 13, METRO 14",48.8946243340091,2.3142338462894254
RER C 3,Péreire Levallois,15,METRO 3,48.88489625515052,2.297724346480177
RER C 3,Neuilly Porte Maillot,16,"16,METRO 1, RER E",48.87793268655634,2.282976188020842
RER C 3,Avenue Foch,17,METRO 2,48.86983048899632,2.274808153642234
RER C 3,Avenue Henri Martin,18,METRO 9,48.86546235708394,2.2721593819194146
RER C 3,Boulainvilliers,19,METRO 9,48.85697199584854,2.2747933246088805
RER C 3,Avenue du Président Kennedy,20,,48.85347987411441,2.280456465295624
RER C 3,Champ de Mars,21,METRO 6,48.85645721154175,2.2898035182585
RER C 3,Pont de l’Alma,22,METRO 9,48.86266245169435,2.300989969386769
RER C 3,Invalides,23,"23,METRO 8, METRO 13",48.86002845820203,2.3139151192031537
RER C 3,Musée d’Orsay,24,METRO 12,48.86035143402621,2.3267597744418103
RER C 3,Saint-Michel Notre Dame,25,"25,RER B, METRO 4, METRO 10",48.85353290071982,2.3452883321974305
RER C 3,Paris Austerlitz,26,"26,METRO 5, METRO 10",48.842436797924776,2.365184811993381
RER C 3,Bibliothèque François Mitterrand,27,METRO 14,48.82999019989919,2.375747983215603
RER C 3,Ivry sur Seine,28,METRO 7,48.81398905200947,2.3916869716625384
RER C 3,Vitry sur Seine,29,,48.80020939834459,2.40271281718153
RER C 3,Les Ardoines,30,,48.78222618353015,2.4095902349857026
RER C 3,Choisy le Roi,31,,48.76378680955172,2.411386724936104
RER C 3,Villeneuve le Roi,32,,48.73983069943655,2.4263998204748227
RER C 3,Ablon,33,,48.7255353048612,2.4195650243879334
RER C 3,Athis Mons,34,,48.71262898747626,2.403633104908492
RER C 3,Juvisy,35,RER D,48.689764622382576,2.382846099452605
RER C 3,Savigny sur Orge,36,,48.676446656997726,2.3524814010489976
RER C 3,Épinay sur Orge,37,,48.67063926645666,2.335359426259652
RER C 3,Sainte-Geneviève des Bois,38,,48.65281140144265,2.312736251060263
RER C 3,Saint-Michel sur Orge,39,,48.63587586133944,2.3068331640148254
RER C 3,Brétigny,40,,48.606744948948126,2.302059691582639
RER C 3,La Norville,41,,48.59111919975116,2.266213853170556
RER C 3,Arpajon,42,,48.58600789080001,2.241070080902974
RER C 3,Égly,43,,48.58272468807368,2.223448833583109
RER C 3,Breuillet,44,,48.57750848943184,2.192063068770897
RER C 3,Breuillet Village,45,,48.56432890676855,2.1703772591600425
RER C 3,Saint-Chéron,46,,48.55092668030285,2.124937383537765
RER C 3,Sermaise,47,,48.5358065092437,2.069381524887472
RER C 3,Dourdan,48,,48.53373283397724,2.0087718138734374
RER C 3,Dourdan la Forêt,49,,48.53562062258458,1.995901990362833
RER C 4,Versailles Château Rive Gauche,1,,48.80021557813598,2.1290438673702554
RER C 4,Porchefontaine,2,,48.79652818117568,2.152378660253372
RER C 4,Viroflay Rive Gauche,3,,48.800718463863554,2.1713898127563787
RER C 4,Chaville Vélizy,4,,48.79972882534397,2.183684109854236
RER C 4,Meudon Val Fleury,5,,48.80749262578013,2.240883069335648
RER C 4,Issy,6,,48.8193439626066,2.257893897515079
RER C 4,Issy Val de Seine,7,,48.81423944550172,2.274489672177882
RER C 4,Pont du Garigliano,8,,48.83908975542996,2.2704582437872425
RER C 4,Javel,9,METRO 10,48.84715690155799,2.278036281995908
RER C 4,Champ de Mars,10,METRO 6,48.85645721154175,2.2898035182585
RER C 4,Pont de l’Alma,11,METRO 9,48.86266245169435,2.300989969386769
RER C 4,Invalides,12,"12,METRO 8, METRO 13",48.86002845820203,2.3139151192031537
RER C 4,Musée d’Orsay,13,METRO 12,48.86035143402621,2.3267597744418103
RER C 4,Saint-Michel Notre Dame,14,"14,RER B, METRO 4, METRO 10",48.85353290071982,2.3452883321974305
RER C 4,Paris Austerlitz,15,"15,METRO 5, METRO 10",48.842436797924776,2.365184811993381
RER C 4,Bibliothèque François Mitterrand,16,METRO 14,48.82999019989919,2.375747983215603
RER C 4,Ivry sur Seine,17,METRO 7,48.81398905200947,2.3916869716625384
RER C 4,Vitry sur Seine,18,,48.80020939834459,2.40271281718153
RER C 4,Les Ardoines,19,,48.78222618353015,2.4095902349857026
RER C 4,Choisy le Roi,20,,48.76378680955172,2.411386724936104
RER C 4,Les Saules,21,,48.74507216689389,2.4175209778964915
RER C 4,Orly Ville,22,,48.741878705678886,2.40290860736794
RER C 4,Pont de Rungis,23,METRO 14,48.72955072266279,2.3682641286195816
RER C 4,Rungis La Fraternelle,24,,48.74019544820277,2.351633198171911
RER C 4,Chemin d’Antony,25,,48.74794190188695,2.3127110135157984
RER C 4,Massy Verrières,26,RER B,48.73488814734515,2.274002404484248
RER C 4,Massy Palaiseau,27,RER B,48.724729144431606,2.257515004584038
RER C 5,Versailles Château Rive Gauche,1,,48.80021557813598,2.1290438673702554
RER C 5,Porchefontaine,2,,48.79652818117568,2.152378660253372
RER C 5,Viroflay Rive Gauche,3,,48.800718463863554,2.1713898127563787
RER C 5,Chaville Vélizy,4,,48.79972882534397,2.183684109854236
RER C 5,Meudon Val Fleury,5,,48.80749262578013,2.240883069335648
RER C 5,Issy,6,,48.8193439626066,2.257893897515079
RER C 5,Issy Val de Seine,7,,48.81423944550172,2.274489672177882
RER C 5,Pont du Garigliano,8,,48.83908975542996,2.2704582437872425
RER C 5,Javel,9,METRO 10,48.84715690155799,2.278036281995908
RER C 5,Champ de Mars,10,METRO 6,48.85645721154175,2.2898035182585
RER C 5,Pont de l’Alma,11,METRO 9,48.86266245169435,2.300989969386769
RER C 5,Invalides,12,"12,METRO 8, METRO 13",48.86002845820203,2.3139151192031537
RER C 5,Musée d’Orsay,13,METRO 12,48.86035143402621,2.3267597744418103
RER C 5,Saint-Michel Notre Dame,14,"14,RER B, METRO 4, METRO 10",48.85353290071982,2.3452883321974305
RER C 5,Paris Austerlitz,15,"15,METRO 5, METRO 10",48.842436797924776,2.365184811993381
RER C 5,Bibliothèque François Mitterrand,16,METRO 14,48.82999019989919,2.375747983215603
RER C 5,Ivry sur Seine,17,METRO 7,48.81398905200947,2.3916869716625384
RER C 5,Vitry sur Seine,18,,48.80020939834459,2.40271281718153
RER C 5,Les Ardoines,19,,48.78222618353015,2.4095902349857026
RER C 5,Choisy le Roi,20,,48.76378680955172,2.411386724936104
RER C 5,Villeneuve le Roi,21,,48.73983069943655,2.4263998204748227
RER C 5,Albon,22,,48.725604086595965,2.4194925462114014
RER C 5,Athis Mons,23,,48.71262898747626,2.403633104908492
RER C 5,Juvisy,24,RER D,48.689764622382576,2.382846099452605
RER C 5,Savigny sur Orge,25,,48.676446656997726,2.3524814010489976
RER C 5,Épinay sur Orge,26,,48.67063926645666,2.335359426259652
RER C 5,Sainte-Geneviève des Bois,27,,48.65281140144265,2.312736251060263
RER C 5,Saint-Michel sur Orge,28,,48.63587586133944,2.3068331640148254
RER C 5,Brétigny,29,,48.606744948948126,2.302059691582639
RER C 5,Marolles en Hurepoix,30,,48.56559386282182,2.2909244684897176
RER C 5,Bouray,31,,48.53289010324473,2.2900825138403964
RER C 5,Lardy,32,,48.52040359106998,2.254739702427517
RER C 5,Chamarande,33,,48.514245875300325,2.21551781194949
RER C 5,Étréchy,34,,48.49364457849669,2.1945817005254264
RER C 5,Étampes,35,,48.4369239376403,2.1595305875651545
RER C 5,Saint Martin d’Étampes,36,,48.42736258418355,2.145246592903116
RER C 6,Versailles Château Rive Gauche,1,,48.80021557813598,2.1290438673702554
RER C 6,Porchefontaine,2,,48.79652818117568,2.152378660253372
RER C 6,Viroflay Rive Gauche,3,,48.800718463863554,2.1713898127563787
RER C 6,Chaville Vélizy,4,,48.79972882534397,2.183684109854236
RER C 6,Meudon Val Fleury,5,,48.80749262578013,2.240883069335648
RER C 6,Issy,6,,48.8193439626066,2.257893897515079
RER C 6,Issy Val de Seine,7,,48.81423944550172,2.274489672177882
RER C 6,Pont du Garigliano,8,,48.83908975542996,2.2704582437872425
RER C 6,Javel,9,METRO 10,48.84715690155799,2.278036281995908
RER C 6,Champ de Mars,10,METRO 6,48.85645721154175,2.2898035182585
RER C 6,Pont de l’Alma,11,METRO 9,48.86266245169435,2.300989969386769
RER C 6,Invalides,12,"12,METRO 8, METRO 13",48.86002845820203,2.3139151192031537
RER C 6,Musée d’Orsay,13,METRO 12,48.86035143402621,2.3267597744418103
RER C 6,Saint-Michel Notre Dame,14,"14,RER B, METRO 4, METRO 10",48.85353290071982,2.3452883321974305
RER C 6,Paris Austerlitz,15,"15,METRO 5, METRO 10",48.842436797924776,2.365184811993381
RER C 6,Bibliothèque François Mitterrand,16,METRO 14,48.82999019989919,2.375747983215603
RER C 6,Ivry sur Seine,17,METRO 7,48.81398905200947,2.3916869716625384
RER C 6,Vitry sur Seine,18,,48.80020939834459,2.40271281718153
RER C 6,Les Ardoines,19,,48.78222618353015,2.4095902349857026
RER C 6,Choisy le Roi,20,,48.76378680955172,2.411386724936104
RER C 6,Villeneuve le Roi,21,,48.73983069943655,2.4263998204748227
RER C 6,Albon,22,,48.725604086595965,2.4194925462114014
RER C 6,Athis Mons,23,,48.71262898747626,2.403633104908492
RER C 6,Juvisy,24,RER D,48.689764622382576,2.382846099452605
RER C 6,Savigny sur Orge,25,,48.676446656997726,2.3524814010489976
RER C 6,Épinay sur Orge,26,,48.67063926645666,2.335359426259652
RER C 6,Sainte-Geneviève des Bois,27,,48.65281140144265,2.312736251060263
RER C 6,Saint-Michel sur Orge,28,,48.63587586133944,2.3068331640148254
RER C 6,Brétigny,29,,48.606744948948126,2.302059691582639
RER C 6,La Norville,30,,48.59111919975116,2.266213853170556
RER C 6,Arpajon,31,,48.58600789080001,2.241070080902974
RER C 6,Égly,32,,48.58272468807368,2.223448833583109
RER C 6,Breuillet,33,,48.57750848943184,2.192063068770897
RER C 6,Breuillet Village,34,,48.56432890676855,2.1703772591600425
RER C 6,Saint-Chéron,35,,48.55092668030285,2.124937383537765
RER C 6,Sermaise,36,,48.5358065092437,2.069381524887472
RER C 6,Dourdan,37,,48.53373283397724,2.0087718138734374
RER C 6,Dourdan la Forêt,38,,48.53562062258458,1.995901990362833
RER C 7,Saint Quentin en Yvelines,1,,48.787390238291614,2.044621988534177
RER C 7,Saint-Cyr,2,,48.79870763528835,2.0718470059294014
RER C 7,Versailles Chantiers,3,,48.79513817936349,2.135156224100022
RER C 7,Viroflay Rive Gauche,4,,48.800718463863554,2.1713898127563787
RER C 7,Chaville Vélizy,5,,48.79972882534397,2.183684109854236
RER C 7,Meudon Val Fleury,6,,48.80749262578013,2.240883069335648
RER C 7,Issy,7,,48.8193439626066,2.257893897515079
RER C 7,Issy Val de Seine,8,,48.81423944550172,2.274489672177882
RER C 7,Pont du Garigliano,9,,48.83908975542996,2.2704582437872425
RER C 7,Javel,10,METRO 10,48.84715690155799,2.278036281995908
RER C 7,Champ de Mars,11,METRO 6,48.85645721154175,2.2898035182585
RER C 7,Pont de l’Alma,12,METRO 9,48.86266245169435,2.300989969386769
RER C 7,Invalides,13,"13,METRO 8, METRO 13",48.86002845820203,2.3139151192031537
RER C 7,Musée d’Orsay,14,METRO 12,48.86035143402621,2.3267597744418103
RER C 7,Saint-Michel Notre Dame,15,"15,RER B, METRO 4, METRO 10",48.85353290071982,2.3452883321974305
RER C 7,Paris Austerlitz,16,"16,METRO 5, METRO 10",48.842436797924776,2.365184811993381
RER C 7,Bibliothèque François Mitterrand,17,METRO 14,48.82999019989919,2.375747983215603
RER C 7,Ivry sur Seine,18,METRO 7,48.81398905200947,2.3916869716625384
RER C 7,Vitry sur Seine,19,,48.80020939834459,2.40271281718153
RER C 7,Les Ardoines,20,,48.78222618353015,2.4095902349857026
RER C 7,Choisy le Roi,21,,48.76378680955172,2.411386724936104
RER C 7,Les Saules,22,,48.74507216689389,2.4175209778964915
RER C 7,Orly Ville,23,,48.741878705678886,2.40290860736794
RER C 7,Pont de Rungis,24,METRO 14,48.72955072266279,2.3682641286195816
RER C 7,Rungis La Fraternelle,25,,48.74019544820277,2.351633198171911
RER C 7,Chemin d’Antony,26,,48.74794190188695,2.3127110135157984
RER C 7,Massy Verrières,27,RER B,48.73488814734515,2.274002404484248
RER C 7,Massy Palaiseau,28,RER B,48.724729144431606,2.257515004584038
RER C 8,Saint Quentin en Yvelines,1,,48.787390238291614,2.044621988534177
RER C 8,Saint-Cyr,2,,48.79870763528835,2.0718470059294014
RER C 8,Versailles Chantiers,3,,48.79513817936349,2.135156224100022
RER C 8,Viroflay Rive Gauche,4,,48.800718463863554,2.1713898127563787
RER C 8,Chaville Vélizy,5,,48.79972882534397,2.183684109854236
RER C 8,Meudon Val Fleury,6,,48.80749262578013,2.240883069335648
RER C 8,Issy,7,,48.8193439626066,2.257893897515079
RER C 8,Issy Val de Seine,8,,48.81423944550172,2.274489672177882
RER C 8,Pont du Garigliano,9,,48.83908975542996,2.2704582437872425
RER C 8,Javel,10,METRO 10,48.84715690155799,2.278036281995908
RER C 8,Champ de Mars – Tour Eiffel,11,METRO 6,48.85645721154175,2.2898035182585
RER C 8,Pont de l’Alma,12,METRO 9,48.86266245169435,2.300989969386769
RER C 8,Invalides,13,"13,METRO 8, METRO 13",48.86002845820203,2.3139151192031537
RER C 8,Musée d’Orsay,14,METRO 12,48.86035143402621,2.3267597744418103
RER C 8,Saint-Michel Notre Dame,15,"15,RER B, METRO 4, METRO 10",48.85353290071982,2.3452883321974305
RER C 8,Paris Austerlitz,16,"16,METRO 5, METRO 10",48.842436797924776,2.365184811993381
RER C 8,Bibliothèque François Mitterrand,17,METRO 14,48.82999019989919,2.375747983215603
RER C 8,Ivry sur Seine,18,METRO 7,48.81398905200947,2.3916869716625384
RER C 8,Vitry sur Seine,19,,48.80020939834459,2.40271281718153
RER C 8,Les Ardoines,20,,48.78222618353015,2.4095902349857026
RER C 8,Choisy le Roi,21,,48.76378680955172,2.411386724936104
RER C 8,Villeneuve le Roi,22,,48.73983069943655,2.4263998204748227
RER C 8,Albon,23,,48.725604086595965,2.4194925462114014
RER C 8,Athis Mons,24,,48.71262898747626,2.403633104908492
RER C 8,Juvisy,25,RER D,48.689764622382576,2.382846099452605
RER C 8,Savigny sur Orge,26,,48.676446656997726,2.3524814010489976
RER C 8,Épinay sur Orge,27,,48.67063926645666,2.335359426259652
RER C 8,Sainte-Geneviève des Bois,28,,48.65281140144265,2.312736251060263
RER C 8,Saint-Michel sur Orge,29,,48.63587586133944,2.3068331640148254
RER C 8,Brétigny,30,,48.606744948948126,2.302059691582639
RER C 8,Marolles en Hurepoix,31,,48.56559386282182,2.2909244684897176
RER C 8,Bouray,32,,48.53289010324473,2.2900825138403964
RER C 8,Lardy,33,,48.52040359106998,2.254739702427517
RER C 8,Chamarande,34,,48.514245875300325,2.21551781194949
RER C 8,Étréchy,35,,48.49364457849669,2.1945817005254264
RER C 8,Étampes,36,,48.4369239376403,2.1595305875651545
RER C 8,Saint Martin d’Étampes,37,,48.42736258418355,2.145246592903116
RER C 9,Saint Quentin en Yvelines,1,,48.787390238291614,2.044621988534177
RER C 9,Saint-Cyr,2,,48.79870763528835,2.0718470059294014
RER C 9,Versailles Chantiers,3,,48.79513817936349,2.135156224100022
RER C 9,Viroflay Rive Gauche,4,,48.800718463863554,2.1713898127563787
RER C 9,Chaville Vélizy,5,,48.79972882534397,2.183684109854236
RER C 9,Meudon Val Fleury,6,,48.80749262578013,2.240883069335648
RER C 9,Issy,7,,48.8193439626066,2.257893897515079
RER C 9,Issy Val de Seine,8,,48.81423944550172,2.274489672177882
RER C 9,Pont du Garigliano,9,,48.83908975542996,2.2704582437872425
RER C 9,Javel,10,METRO 10,48.84715690155799,2.278036281995908
RER C 9,Champ de Mars,11,METRO 6,48.85645721154175,2.2898035182585
RER C 9,Pont de l’Alma,12,METRO 9,48.86266245169435,2.300989969386769
RER C 9,Invalides,13,"13,METRO 8, METRO 13",48.86002845820203,2.3139151192031537
RER C 9,Musée d’Orsay,14,METRO 12,48.86035143402621,2.3267597744418103
RER C 9,Saint-Michel Notre Dame,15,"15,RER B, METRO 4, METRO 10",48.85353290071982,2.3452883321974305
RER C 9,Paris Austerlitz,16,"16,METRO 5, METRO 10",48.842436797924776,2.365184811993381
RER C 9,Bibliothèque François Mitterrand,17,METRO 14,48.82999019989919,2.375747983215603
RER C 9,Ivry sur Seine,18,METRO 7,48.81398905200947,2.3916869716625384
RER C 9,Vitry sur Seine,19,,48.80020939834459,2.40271281718153
RER C 9,Les Ardoines,20,,48.78222618353015,2.4095902349857026
RER C 9,Choisy le Roi,21,,48.76378680955172,2.411386724936104
RER C 9,Villeneuve le Roi,22,,48.73983069943655,2.4263998204748227
RER C 9,Albon,23,,48.725604086595965,2.4194925462114014
RER C 9,Athis Mons,24,,48.71262898747626,2.403633104908492
RER C 9,Juvisy,25,RER D,48.689764622382576,2.382846099452605
RER C 9,Savigny sur Orge,26,,48.676446656997726,2.3524814010489976
RER C 9,Épinay sur Orge,27,,48.67063926645666,2.335359426259652
RER C 9,Sainte-Geneviève des Bois,28,,48.65281140144265,2.312736251060263
RER C 9,Saint-Michel sur Orge,29,,48.63587586133944,2.3068331640148254
RER C 9,Brétigny,30,,48.606744948948126,2.302059691582639
RER C 9,La Norville,31,,48.59111919975116,2.266213853170556
RER C 9,Arpajon,32,,48.58600789080001,2.241070080902974
RER C 9,Égly,33,,48.58272468807368,2.223448833583109
RER C 9,Breuillet,34,,48.57750848943184,2.192063068770897
RER C 9,Breuillet Village,35,,48.56432890676855,2.1703772591600425
RER C 9,Saint-Chéron,36,,48.55092668030285,2.124937383537765
RER C 9,Sermaise,37,,48.5358065092437,2.069381524887472
RER C 9,Dourdan,38,,48.53373283397724,2.0087718138734374
RER C 9,Dourdan la Forêt,39,,48.53562062258458,1.995901990362833
RER D 1,Creil,1,,49.26394414450534,2.4689141153510383
RER D 1,Chantilly Gouvieux,2,,49.187087205195866,2.459549118844453
RER D 1,Orry la Ville Coye la Forêt,3,,49.13828637527201,2.4901789854211955
RER D 1,La Borne Blanche,4,,49.12620996065864,2.507013841603866
RER D 1,Survilliers Fosses,5,,49.099586939193706,2.525531713992054
RER D 1,Louvres,6,,49.04932560088567,2.5017580658464627
RER D 1,Les Noues,7,,49.03318276903128,2.478033365115082
RER D 1,Goussainville,8,,49.02316199903104,2.4621689661352346
RER D 1,Villiers le Bel Gonesse Arnouville,9,,48.99377714689272,2.416187488926984
RER D 1,Garges Sarcelles,10,,48.9771607154856,2.39067488093308
RER D 1,Pierrefitte Stains,11,,48.96013454228842,2.3672565834726305
RER D 1,Saint-Denis,12,,48.91756717658464,2.350389537889768
RER D 1,Stade de France Saint-Denis,13,METRO 14,48.91756717658464,2.350389537889768
RER D 1,Paris Gare du Nord,14,"RER B, RER E, METRO 2, METRO 4, MTERO 5, METRO 7",48.87979369411629,2.355791907531139
RER D 1,Châtelet Les Halles,15,"RER A, RER B, METRO 1, METRO 4, METRO 7, METRO 11, METRO 14",48.85763141070005,2.3480365654004016
RER D 1,Paris Gare de Lyon,16,"RER A, METRO 1, METRO 14",48.84476017126674,2.373593653262281
RER D 1,Maisons Alfort Alfortville,17,,48.80204938032392,2.426482408484048
RER D 1,Le Vert de Maisons,18,,48.78846667355173,2.432243533360699
RER D 1,Créteil Pompadour,19,,48.77126603812107,2.4353063397063224
RER D 1,Villeneuve Triage,20,,48.74450070215072,2.438668340778227
RER D 1,Villeneuve Saint-Georges,21,,48.73063829288859,2.446226445438707
RER D 1,Montgeron Crosne,22,,48.70823782858165,2.462282244689792
RER D 1,Yerres,23,,48.7066109356985,2.4842425564350705
RER D 1,Brunoy,24,,48.69910694695422,2.506676982547088
RER D 1,Boussy Saint-Antoine,25,,48.68101661634273,2.5331306565710374
RER D 1,Combs la Ville Quincy,26,,48.667901961049886,2.5475480458143664
RER D 1,Lieusaint Moissy,27,,48.62837555172384,2.569583548236461
RER D 1,Savigny le Temple Nandy,28,,48.59556383799178,2.5839477110612505
RER D 1,Cesson,29,,48.56494949567092,2.594551816007613
RER D 1,Le Mée sur Seine,30,,48.53973311725708,2.624879667632794
RER D 1,Melun,31,,48.52724332146016,2.654990282141888
RER D 2,Creil,1,,49.26394414450534,2.4689141153510383
RER D 2,Chantilly Gouvieux,2,,49.187087205195866,2.459549118844453
RER D 2,Orry la Ville Coye la Forêt,3,,49.13828637527201,2.4901789854211955
RER D 2,La Borne Blanche,4,,49.12620996065864,2.507013841603866
RER D 2,Survilliers Fosses,5,,49.099586939193706,2.525531713992054
RER D 2,Louvres,6,,49.04932560088567,2.5017580658464627
RER D 2,Les Noues,7,,49.03318276903128,2.478033365115082
RER D 2,Goussainville,8,,49.02316199903104,2.4621689661352346
RER D 2,Villiers le Bel Gonesse Arnouville,9,,48.99377714689272,2.416187488926984
RER D 2,Garges Sarcelles,10,,48.9771607154856,2.39067488093308
RER D 2,Pierrefitte Stains,11,,48.96013454228842,2.3672565834726305
RER D 2,Saint-Denis,12,,48.91756717658464,2.350389537889768
RER D 2,Stade de France Saint-Denis,13,METRO 14,48.91756717658464,2.350389537889768
RER D 2,Paris Gare du Nord,14,"RER B, RER E, METRO 2, METRO 4, MTERO 5, METRO 7",48.87979369411629,2.355791907531139
RER D 2,Châtelet Les Halles,15,"RER A, RER B, METRO 1, METRO 4, METRO 7, METRO 11, METRO 14",48.85763141070005,2.3480365654004016
RER D 2,Paris Gare de Lyon,16,"RER A, METRO 1, METRO 14",48.84476017126674,2.373593653262281
RER D 2,Maisons Alfort Alfortville,17,,48.80204938032392,2.426482408484048
RER D 2,Le Vert de Maisons,18,,48.78846667355173,2.432243533360699
RER D 2,Créteil Pompadour,19,,48.77126603812107,2.4353063397063224
RER D 2,Villeneuve Triage,20,,48.74450070215072,2.438668340778227
RER D 2,Villeneuve Saint-Georges,21,,48.73063829288859,2.446226445438707
RER D 2,Vigneux sur Seine,22,,48.70812051426092,2.4138711503513184
RER D 2,Juvisy,23,RER C,48.689764622382576,2.382846099452605
RER D 2,Viry Châtillon ,24,,48.6760924339657,2.386783798391593
RER D 2,Grigny Centre,25,,48.65484933543004,2.396783503415441
RER D 2,Orangis Bois de l'Épine,26,,48.63635136710196,2.4077962861739057
RER D 2,Évry Courcouronnes,27,,48.62468182599698,2.4275947804437275
RER D 2,Le Bras de Fer,28,,48.62333224107224,2.4514090955932755
RER D 2,Corbeil Essonnes,29,,48.613427913594734,2.472933650458744
RER D 2,Essonnes Robinson,30,,48.605555826378406,2.4624564927796966
RER D 2,Villabé,31,,48.59281219034078,2.461550180897489
RER D 2,Le Plessis Chenet,32,,48.573807793559,2.479469169601778
RER D 2,Le Coudray Montceaux,33,,48.56611782073621,2.492713002881577
RER D 2,Saint-Fargeau RER D,34,,48.564924678471606,2.542939642021835
RER D 2,Ponthierry Pringy,35,,48.53513976698965,2.544348950368586
RER D 2,Boissise le Roi,36,,48.52974691857647,2.572073662735743
RER D 2,Vosves,37,,48.515151454141154,2.5993042659192627
RER D 2,Melun,38,,48.52724332146016,2.654990282141888
RER D 3,Creil,1,,49.26394414450534,2.4689141153510383
RER D 3,Chantilly Gouvieux,2,,49.187087205195866,2.459549118844453
RER D 3,Orry la Ville Coye la Forêt,3,,49.13828637527201,2.4901789854211955
RER D 3,La Borne Blanche,4,,49.12620996065864,2.507013841603866
RER D 3,Survilliers Fosses,5,,49.099586939193706,2.525531713992054
RER D 3,Louvres,6,,49.04932560088567,2.5017580658464627
RER D 3,Les Noues,7,,49.03318276903128,2.478033365115082
RER D 3,Goussainville,8,,49.02316199903104,2.4621689661352346
RER D 3,Villiers le Bel Gonesse Arnouville,9,,48.99377714689272,2.416187488926984
RER D 3,Garges Sarcelles,10,,48.9771607154856,2.39067488093308
RER D 3,Pierrefitte Stains,11,,48.96013454228842,2.3672565834726305
RER D 3,Saint-Denis,12,,48.91756717658464,2.350389537889768
RER D 3,Stade de France Saint-Denis,13,METRO 14,48.91756717658464,2.350389537889768
RER D 3,Paris Gare du Nord,14,"RER B, RER E, METRO 2, METRO 4, MTERO 5, METRO 7",48.87979369411629,2.355791907531139
RER D 3,Châtelet Les Halles,15,"RER A, RER B, METRO 1, METRO 4, METRO 7, METRO 11, METRO 14",48.85763141070005,2.3480365654004016
RER D 3,Paris Gare de Lyon,16,"RER A, METRO 1, METRO 14",48.84476017126674,2.373593653262281
RER D 3,Maisons Alfort Alfortville,17,,48.80204938032392,2.426482408484048
RER D 3,Le Vert de Maisons,18,,48.78846667355173,2.432243533360699
RER D 3,Créteil Pompadour,19,,48.77126603812107,2.4353063397063224
RER D 3,Villeneuve Triage,20,,48.74450070215072,2.438668340778227
RER D 3,Villeneuve Saint-Georges,21,,48.73063829288859,2.446226445438707
RER D 3,Vigneux sur Seine,22,,48.70812051426092,2.4138711503513184
RER D 3,Juvisy,23,RER C,48.689764622382576,2.382846099452605
RER D 3,Viry Châtillon ,24,,48.6760924339657,2.386783798391593
RER D 3,Ris Orangis,25,,48.658975423830064,2.415206841330065
RER D 3,Grand Bourg,26,,48.64848911258699,2.435330530181304
RER D 3,Évry,27,,48.63426831236897,2.4525733922724497
RER D 3,Corbeil Essonnes,28,,48.613427913594734,2.472933650458744
RER D 3,Essonnes Robinson,29,,48.605555826378406,2.4624564927796966
RER D 3,Villabé,30,,48.59281219034078,2.461550180897489
RER D 3,Le Plessis Chenet,31,,48.573807793559,2.479469169601778
RER D 3,Le Coudray Montceaux,32,,48.56611782073621,2.492713002881577
RER D 3,Saint-Fargeau RER D,33,,48.564924678471606,2.542939642021835
RER D 3,Ponthierry Pringy,34,,48.53513976698965,2.544348950368586
RER D 3,Boissise le Roi,35,,48.52974691857647,2.572073662735743
RER D 3,Vosves,36,,48.515151454141154,2.5993042659192627
RER D 3,Melun,37,,48.52724332146016,2.654990282141888
RER D 4,Creil,1,,49.26394414450534,2.4689141153510383
RER D 4,Chantilly Gouvieux,2,,49.187087205195866,2.459549118844453
RER D 4,Orry la Ville Coye la Forêt,3,,49.13828637527201,2.4901789854211955
RER D 4,La Borne Blanche,4,,49.12620996065864,2.507013841603866
RER D 4,Survilliers Fosses,5,,49.099586939193706,2.525531713992054
RER D 4,Louvres,6,,49.04932560088567,2.5017580658464627
RER D 4,Les Noues,7,,49.03318276903128,2.478033365115082
RER D 4,Goussainville,8,,49.02316199903104,2.4621689661352346
RER D 4,Villiers le Bel Gonesse Arnouville,9,,48.99377714689272,2.416187488926984
RER D 4,Garges Sarcelles,10,,48.9771607154856,2.39067488093308
RER D 4,Pierrefitte Stains,11,,48.96013454228842,2.3672565834726305
RER D 4,Saint-Denis,12,,48.91756717658464,2.350389537889768
RER D 4,Stade de France Saint-Denis,13,METRO 14,48.91756717658464,2.350389537889768
RER D 4,Paris Gare du Nord,14,"RER B, RER E, METRO 2, METRO 4, MTERO 5, METRO 7",48.87979369411629,2.355791907531139
RER D 4,Châtelet Les Halles,15,"RER A, RER B, METRO 1, METRO 4, METRO 7, METRO 11, METRO 14",48.85763141070005,2.3480365654004016
RER D 4,Paris Gare de Lyon,16,"RER A, METRO 1, METRO 14",48.84476017126674,2.373593653262281
RER D 4,Maisons Alfort Alfortville,17,,48.80204938032392,2.426482408484048
RER D 4,Le Vert de Maisons,18,,48.78846667355173,2.432243533360699
RER D 4,Créteil Pompadour,19,,48.77126603812107,2.4353063397063224
RER D 4,Villeneuve Triage,20,,48.74450070215072,2.438668340778227
RER D 4,Villeneuve Saint-Georges,21,,48.73063829288859,2.446226445438707
RER D 4,Vigneux sur Seine,22,,48.70812051426092,2.4138711503513184
RER D 4,Juvisy,23,RER C,48.689764622382576,2.382846099452605
RER D 4,Viry Châtillon,24,,48.6760924339657,2.386783798391593
RER D 4,Ris Orangis,25,,48.658975423830064,2.415206841330065
RER D 4,Grand Bourg,26,,48.64848911258699,2.435330530181304
RER D 4,Évry,27,,48.63426831236897,2.4525733922724497
RER D 4,Corbeil Essonnes,28,,48.613427913594734,2.472933650458744
RER D 4,Moulin Galant,29,,48.58715390715937,2.4734903663442247
RER D 4,Mennecy,30,,48.5705968587192,2.432098533660357
RER D 4,Ballancourt,31,,48.531501986486845,2.3705184977367075
RER D 4,La Ferté Alais,32,,48.485514299822704,2.352193814586844
RER D 4,Boutigny,33,,48.43449061286291,2.376672818506992
RER D 4,Maisse,34,,48.39364154774085,2.393410724066637
RER D 4,Buno Gironville,35,,48.37138329230292,2.387209797198101
RER D 4,Boigneville,36,,48.34166354461878,2.3788154433118907
RER D 4,Malesherbes RER D,37,,48.29382444015278,2.4014425483544763
RER D 5,Creil,1,,49.26394414450534,2.4689141153510383
RER D 5,Chantilly Gouvieux,2,,49.187087205195866,2.459549118844453
RER D 5,Orry la Ville Coye la Forêt,3,,49.13828637527201,2.4901789854211955
RER D 5,La Borne Blanche,4,,49.12620996065864,2.507013841603866
RER D 5,Survilliers Fosses,5,,49.099586939193706,2.525531713992054
RER D 5,Louvres,6,,49.04932560088567,2.5017580658464627
RER D 5,Les Noues,7,,49.03318276903128,2.478033365115082
RER D 5,Goussainville,8,,49.02316199903104,2.4621689661352346
RER D 5,Villiers le Bel Gonesse Arnouville,9,,48.99377714689272,2.416187488926984
RER D 5,Garges Sarcelles,10,,48.9771607154856,2.39067488093308
RER D 5,Pierrefitte Stains,11,,48.96013454228842,2.3672565834726305
RER D 5,Saint-Denis,12,,48.91756717658464,2.350389537889768
RER D 5,Stade de France Saint-Denis,13,METRO 14,48.91756717658464,2.350389537889768
RER D 5,Paris Gare du Nord,14,"RER B, RER E, METRO 2, METRO 4, MTERO 5, METRO 7",48.87979369411629,2.355791907531139
RER D 5,Châtelet Les Halles,15,"RER A, RER B, METRO 1, METRO 4, METRO 7, METRO 11, METRO 14",48.85763141070005,2.3480365654004016
RER D 5,Paris Gare de Lyon,16,"RER A, METRO 1, METRO 14",48.84476017126674,2.373593653262281
RER D 5,Maisons Alfort Alfortville,17,,48.80204938032392,2.426482408484048
RER D 5,Le Vert de Maisons,18,,48.78846667355173,2.432243533360699
RER D 5,Créteil Pompadour,19,,48.77126603812107,2.4353063397063224
RER D 5,Villeneuve Triage,20,,48.74450070215072,2.438668340778227
RER D 5,Villeneuve Saint-Georges,21,,48.73063829288859,2.446226445438707
RER D 5,Vigneux sur Seine,22,,48.70812051426092,2.4138711503513184
RER D 5,Juvisy,23,RER C,48.689764622382576,2.382846099452605
RER D 5,Viry Châtillon,24,,48.6760924339657,2.386783798391593
RER D 5,Grigny Centre,25,,48.65484933543004,2.396783503415441
RER D 5,Orangis Bois de l'Épine,26,,48.63635136710196,2.4077962861739057
RER D 5,Évry Courcouronnes,27,,48.62468182599698,2.4275947804437275
RER D 5,Le Bras de Fer,28,,48.62333224107224,2.4514090955932755
RER D 5,Corbeil Essonnes,29,,48.613427913594734,2.472933650458744
RER D 5,Moulin Galant,30,,48.58715390715937,2.4734903663442247
RER D 5,Mennecy,31,,48.5705968587192,2.432098533660357
RER D 5,Ballancourt,32,,48.531501986486845,2.3705184977367075
RER D 5,La Ferté Alais,33,,48.485514299822704,2.352193814586844
RER D 5,Boutigny,34,,48.43449061286291,2.376672818506992
RER D 5,Maisse,35,,48.39364154774085,2.393410724066637
RER D 5,Buno Gironville,36,,48.37138329230292,2.387209797198101
RER D 5,Boigneville,37,,48.34166354461878,2.3788154433118907
RER D 5,Malesherbes RER D,38,,48.29382444015278,2.4014425483544763
RER E 1,Nanterre-la-Folie,1,RER A,48.89758664840728,2.223738843023636
RER E 1,La Défense Grande Arche,2,"RER A, METRO 1",48.89218707644951,2.237018056395014
RER E 1,Neuilly - Porte Maillot,3,"RER C, METRO 1",48.87793268655634,2.282976188020842
RER E 1,Saint-Lazare,4,"RER A, METRO 3, METRO 9, METRO 12, METRO 13, METRO 14",48.87515128791023,2.324380555428912
RER E 1,Magenta,5,"RER B, RER D, METRO 2, METRO 4, METRO 5",48.87979369411629,2.355791907531139
RER E 1,Rosa Parks,6,,48.897552809900425,2.3733837959986004
RER E 1,Pantin,7,,48.8981123062804,2.400361703159176
RER E 1,Noisy le Sec,8,,48.89665245114409,2.458363412015992
RER E 1,Bondy,9,,48.89395181173609,2.480205915260598
RER E 1,Le Raincy Villemomble Montfermeil,10,,48.88886574230645,2.513157532747812
RER E 1,Gagny,11,,48.88373428097724,2.5254342507658434
RER E 1,Le Chénay Gagny,12,,48.87715783970278,2.5528816497808324
RER E 1,Chelles Gournay,13,,48.87414408301458,2.583331158055108
RER E 2,Nanterre-la-Folie,1,RER A,48.89758664840728,2.223738843023636
RER E 2,La Défense Grande Arche,2,"RER A, METRO 1",48.89218707644951,2.237018056395014
RER E 2,Neuilly - Porte Maillot,3,"RER C, METRO 1",48.87793268655634,2.282976188020842
RER E 2,Saint-Lazare,4,"RER A, METRO 3, METRO 9, METRO 12, METRO 13, METRO 14",48.87515128791023,2.324380555428912
RER E 2,Magenta,5,"RER B, RER D, METRO 2, METRO 4, METRO 5",48.87979369411629,2.355791907531139
RER E 2,Rosa Parks,6,,48.897552809900425,2.3733837959986004
RER E 2,Pantin,7,,48.8981123062804,2.400361703159176
RER E 2,Noisy le Sec,8,,48.89665245114409,2.458363412015992
RER E 2,Rosny Bois Perrier,9,METRO 11,48.88275159763064,2.4805111480606854
RER E 2,Rosny sous Bois,10,,48.869912419186086,2.485761140611789
RER E 2,Val de Fontenay,11,RER A,48.84379435193279,2.463501419487552
RER E 2,Nogent Le Perreux,12,,48.83934193918028,2.4941880553461155
RER E 2,Les Boullereaux Champigny,13,,48.82484856949889,2.5118555534510074
RER E 2,Villiers sur Marne Le Plessis Trévise,14,,48.82326663412408,2.5426797940158528
RER E 2,Les Yvris Noisy le Grand,15,,48.82315185583432,2.579837253911679
RER E 2,Emerainville Pontault Combault,16,,48.80584078961123,2.619194412455653
RER E 2,Roissy en Brie,17,,48.79565482141207,2.6503876684411503
RER E 2,Ozoir la Ferrière,18,,48.7707789170597,2.6902527821957585
RER E 2,Gretz Armainvilliers,19,,48.74645232070457,2.7272293714297664
RER E 2,Tournan-en-Brie,20,,48.739349952625446,2.759501677213962
METRO 1,La Défense (Grande Arche),1,RER A,48.89169615831557,2.2389893182581826
METRO 1,Esplanade de la Défense,2,,48.88813847761218,2.249792769009765
METRO 1,Pont de Neuilly,3,,48.88470820133096,2.260515079251701
METRO 1,Les Sablons,4,,48.88101649749112,2.272238940611057
METRO 1,Porte Maillot,5,RER C,48.87793268655634,2.282976188020842
METRO 1,Argentine,6,,48.87533684211653,2.290127508824701
METRO 1,Charles de Gaulle – Etoile,7,"METRO 2, METRO 6, RER A",48.87481054112289,2.2958012223518693
METRO 1,George V,8,,48.872023810399725,2.3005604512367213
METRO 1,Franklin D. Roosevelt,9,METRO 9,48.86869984735294,2.309505157337887
METRO 1,Champs-Élysées – Clemenceau,10,METRO 13,48.86760214522151,2.3138941304816147
METRO 1,Concorde,11,"METRO 8, METRO 12",48.86628580458389,2.322943412243541
METRO 1,Tuileries,12,,48.86434377873392,2.330129877112862
METRO 1,Palais Royal – Musée du Louvre,13,METRO 7,48.86234803084025,2.336496460942477
METRO 1,Louvre – Rivoli,14,,48.8608062912721,2.3411085916340664
METRO 1,Châtelet,15,"METRO 4, METRO 7, METRO 11, METRO 14, RER A, RER B, RER D",48.85763141070005,2.3480365654004016
METRO 1,Hôtel de Ville,16,METRO 11,48.85747798252935,2.3515775629949967
METRO 1,Saint-Paul,17,,48.85523625280238,2.360956490023829
METRO 1,Bastille,18,"METRO 5, METRO 8",48.85343942756841,2.3695135681565254
METRO 1,Gare de Lyon,19,"METRO 14, RER A, RER D",48.84476017126674,2.373593653262281
METRO 1,Reuilly – Diderot,20,METRO 8,48.84712872224063,2.387025242098632
METRO 1,Nation,21,"METRO 2, METRO 6, METRO 9, RER A",48.84823711041019,2.395823588826126
METRO 1,Porte de Vincennes,22,,48.84694815185174,2.409551429787372
METRO 1,Saint-Mandé,23,,48.84642307728704,2.418759786698672
METRO 1,Bérault,24,,48.845470707583566,2.4292051663480003
METRO 1,Château de Vincennes,25,,48.84445639456913,2.440439978057246
METRO 2,Porte Dauphine,1,,48.87146657813589,2.2770830184157247
METRO 2,Victor Hugo,2,,48.86979855646069,2.285335094686169
METRO 2,Charles de Gaulle – Etoile,3,"METRO 1, METRO 6, RER A",48.87481054112289,2.2958012223518693
METRO 2,Ternes,4,,48.87797270141956,2.2983103737615287
METRO 2,Courcelles,5,,48.87932978868225,2.3040703912187603
METRO 2,Monceau,6,,48.88032518647405,2.308773835955807
METRO 2,Villiers,7,METRO 3,48.88109442716628,2.3147210047461946
METRO 2,Rome,8,,48.88233342370702,2.3218017310631685
METRO 2,Place de Clichy,9,METRO 13,48.88399982489613,2.32853013989038
METRO 2,Blanche,10,,48.88355629016869,2.3333796724221587
METRO 2,Pigalle,11,METRO 12,48.88224953318808,2.3371645394451463
METRO 2,Anvers,12,,48.88297276782728,2.3446670737483
METRO 2,Barbès – Rochechouart,13,METRO 4,48.88380394240113,2.3506129993253224
METRO 2,La Chapelle,14,RER B,48.8843996770653,2.360399500808732
METRO 2,Stalingrad,15,"METRO 5, METRO 7",48.88432566304799,2.3673720385654686
METRO 2,Jaurès,16,"METRO 5, METRO 7bis",48.883193321300105,2.371933128614294
METRO 2,Colonel Fabien,17,,48.87761018741785,2.370811395312745
METRO 2,Belleville,18,METRO 11,48.87184879466127,2.3765936840968225
METRO 2,Couronnes,19,,48.8690911620257,2.380542586000037
METRO 2,Ménilmontant,20,,48.866446806067,2.383599109573657
METRO 2,Père Lachaise,21,METRO 3,48.86312321464208,2.3858824493261475
METRO 2,Philippe Auguste,22,,48.85806226176241,2.3908609523236084
METRO 2,Alexandre Dumas,23,,48.85622809125615,2.3946756547920462
METRO 2,Avron,24,,48.85190531895693,2.3979973148307456
METRO 2,Nation,25,"METRO 1, METRO 6, METRO 9, RER A",48.84823711041019,2.395823588826126
METRO 3,Pont de Levallois – Bécon,1,,48.897359647391205,2.2799432168102687
METRO 3,Anatole France,2,,48.89208278596666,2.2850095013824143
METRO 3,Louise Michel,3,,48.88870601977514,2.288083633048504
METRO 3,Porte de Champerret,4,,48.886006151507,2.293529966337255
METRO 3,Pereire-Levallois,5,RER C,48.88489625515052,2.297724346480177
METRO 3,Wagram,6,,48.88380920123339,2.304674440528396
METRO 3,Malesherbes,7,,48.882612630584646,2.310036147219974
METRO 3,Villiers,8,METRO 2,48.88109442716628,2.3147210047461946
METRO 3,Europe,9,,48.87877036758759,2.3222652131305974
METRO 3,Saint-Lazare,10,"METRO 12, METRO 13, METRO 14, RER E",48.87515128791023,2.324380555428912
METRO 3,Havre – Caumartin,11,"METRO 9, RER A",48.873513389595466,2.327543081726972
METRO 3,Opéra,12,"METRO 7, METRO 8, RER A",48.86993903518653,2.332592489355912
METRO 3,Quatre-Septembre,13,,48.86963799688717,2.3362327568689163
METRO 3,Bourse,14,,48.86865415183625,2.3413760511435733
METRO 3,Sentier,15,,48.86751302499845,2.346552336353212
METRO 3,Réaumur–Sébastopol,16,METRO 4,48.86673355595668,2.352829461254394
METRO 3,Arts et Métiers,17,METRO 11,48.86558647849898,2.356736756794993
METRO 3,Temple,18,,48.866514461743,2.3608035032752688
METRO 3,République,19,"METRO 5, METRO 8, METRO 9, METRO 11",48.86702678847436,2.364247995104706
METRO 3,Parmentier,20,,48.86525378605433,2.3745819699964126
METRO 3,Rue Saint-Maur,21,,48.864285758645295,2.379741893177554
METRO 3,Père Lachaise,22,METRO 2,48.86312321464208,2.3858824493261475
METRO 3,Gambetta,23,METRO 3bis,48.86516343488149,2.398746593442592
METRO 3,Porte de Bagnolet,24,,48.86343374196473,2.4088324651439725
METRO 3,Gallieni,25,,48.8653353181603,2.416697272847641
METRO 3BIS,Gambetta,1,METRO 3,48.86516343488149,2.398746593442592
METRO 3BIS,Pelleport,2,,48.86844016327547,2.401561712742542
METRO 3BIS,Saint-Fargeau,3,,48.87174502824333,2.404652184536602
METRO 3BIS,Porte des Lilas,4,METRO 11,48.87663081498978,2.4045078712103454
METRO 4,Bagneux – Lucie Aubrac,1,,48.80363023251622,2.3180536133374328
METRO 4,Barbara,2,,48.80970399753329,2.3174491879233723
METRO 4,Mairie de Montrouge,3,,48.818676409912605,2.3197403132985555
METRO 4,Porte d'Orléans,4,,48.82341162898739,2.3255756362122453
METRO 4,Alésia,5,,48.82818847631351,2.3271646496078247
METRO 4,Mouton-Duvernet,6,,48.83111266037533,2.3297050126201846
METRO 4,Denfert-Rochereau,7,"RER B, METRO 6",48.8342929804732,2.33285230996089
METRO 4,Raspail,8,METRO 6,48.83896428071056,2.330754192086216
METRO 4,Vavin,9,,48.84221841361353,2.329008926235403
METRO 4,Montparnasse – Bienvenüe,10,"METRO 6, METRO 12, METRO 13",48.842102207208605,2.321278562744628
METRO 4,Saint-Placide,11,,48.84687823885142,2.3267927850276813
METRO 4,Saint-Sulpice,12,,48.851071370372,2.3307007099542143
METRO 4,Saint-Germain-des-Prés,13,,48.853718934000206,2.333776138218468
METRO 4,Odéon,14,METRO 10,48.85230076309424,2.3397277815930964
METRO 4,Saint-Michel,15,"RER B, RER C",48.85353290071982,2.3452883321974305
METRO 4,Cité,16,,48.85493637835866,2.3473213170674265
METRO 4,Châtelet,17,"METRO 1, METRO 7, METRO 11, METRO 14, RER A, RER B, RER D",48.85763141070005,2.3480365654004016
METRO 4,Les Halles,18,"RER A, RER B, RER D",48.85763141070005,2.3480365654004016
METRO 4,Étienne Marcel,19,,48.863972478817246,2.3496175641598405
METRO 4,Réaumur – Sébastopol,20,METRO 3,48.86673355595668,2.352829461254394
METRO 4,Strasbourg – Saint-Denis,21,"METRO 8, METRO 9",48.86962886377852,2.354468813108209
METRO 4,Château d'Eau,22,,48.87262083992817,2.356153947450339
METRO 4,Gare de l'Est,23,"METRO 5, METRO 7",48.8759910648072,2.357880771925327
METRO 4,Gare du Nord,24,"METRO 5, RER B, RER D, RER E",48.87979369411629,2.355791907531139
METRO 4,Barbès – Rochechouart,25,METRO 2,48.88380394240113,2.3506129993253224
METRO 4,Château Rouge,26,,48.88671096804134,2.349559430194618
METRO 4,Marcadet – Poissonniers,27,METRO 12,48.89143955488239,2.349627158227453
METRO 4,Simplon,28,,48.894343848842425,2.347430779960205
METRO 4,Porte de Clignancourt,29,,48.89804145033781,2.3450784496454857
METRO 5,Bobigny–Pablo Picasso,1,,48.90653600856719,2.4500061663133703
METRO 5,Bobigny–Pantin–Raymond Queneau,2,,48.89545467305272,2.4253268901662555
METRO 5,Église de Pantin,3,,48.89314998575984,2.412763044547627
METRO 5,Hoche,4,,48.891228593203465,2.4023521439004725
METRO 5,Porte de Pantin,5,METRO 3BIS,48.889007649506944,2.3956810747116024
METRO 5,Ourcq,6,,48.88685693150188,2.385913174273276
METRO 5,Laumière,7,,48.884970562766206,2.378716923224645
METRO 5,Jaurès,8,"METRO 2, METRO 7BIS",48.883193321300105,2.371933128614294
METRO 5,Stalingrad,9,"METRO 2, METRO 7",48.88432566304799,2.3673720385654686
METRO 5,Gare du Nord,10,"METRO 4, RER B, RER D, RER E",48.87979369411629,2.355791907531139
METRO 5,Gare de l'Est,11,"METRO 4, METRO 7",48.8759910648072,2.357880771925327
METRO 5,Jacques Bonsergent,12,,48.87039638922484,2.3614002104327776
METRO 5,République,13,"METRO 3, METRO 8, METRO 9, METRO 11",48.86702678847436,2.364247995104706
METRO 5,Oberkampf,14,METRO 9,48.86496414577929,2.3679014148417363
METRO 5,Richard-Lenoir,15,,48.85987362347133,2.371913980100837
METRO 5,Bréguet–Sabin,16,,48.856140711155,2.370209339755372
METRO 5,Bastille,17,"METRO 1, METRO 8",48.85343942756841,2.3695135681565254
METRO 5,Quai de la Rapée,18,,48.8464846505702,2.36591010685298
METRO 5,Gare d'Austerlitz,19,"METRO 10, RER C",48.842436797924776,2.365184811993381
METRO 5,Saint-Marcel,20,,48.83842729696758,2.360967167698855
METRO 5,Campo-Formio,21,,48.8351525357408,2.3585662563494667
METRO 5,Place d'Italie,22,"METRO 6, METRO 7",48.8309272410005,2.356121938797104
METRO 6,Charles de Gaulle – Étoile,1,"METRO 1, METRO 2, RER A",48.87481054112289,2.2958012223518693
METRO 6,Kléber,2,,48.87126214446096,2.2932406499473137
METRO 6,Boissière,3,,48.86698310944948,2.290058833580487
METRO 6,Trocadéro,4,METRO 9,48.863065020217945,2.286243169328236
METRO 6,Passy,5,,48.85744869007581,2.285812444146408
METRO 6,Bir-Hakeim,6,RER C,48.85394260621378,2.2893345327788075
METRO 6,Dupleix,7,,48.85043454901342,2.293612437187804
METRO 6,La Motte-Picquet – Grenelle,8,"METRO 8, METRO 10",48.848741665717824,2.2989309117480614
METRO 6,Cambronne,9,,48.84750708199681,2.302968297817314
METRO 6,Sèvres – Lecourbe,10,,48.84562696674718,2.3095314914609446
METRO 6,Pasteur,11,METRO 12,48.842871275006345,2.3124475130659863
METRO 6,Montparnasse – Bienvenüe,12,"METRO 4, METRO 12, METRO 13",48.842102207208605,2.321278562744628
METRO 6,Edgar Quinet,13,,48.84066322929957,2.3263846107928465
METRO 6,Raspail,14,METRO 4,48.83896428071056,2.330754192086216
METRO 6,Denfert-Rochereau,15,"METRO 4, RER B",48.8342929804732,2.33285230996089
METRO 6,Saint-Jacques,16,,48.83290081566025,2.3371351933439004
METRO 6,Glacière,17,,48.831129548026645,2.3435116577497763
METRO 6,Corvisart,18,,48.82979051369297,2.350414872010464
METRO 6,Place d'Italie,19,"METRO 5, METRO 7",48.8309272410005,2.356121938797104
METRO 6,Nationale,20,,48.83321671970985,2.362856399519012
METRO 6,Chevaleret,21,,48.83494772325454,2.3681263304132094
METRO 6,Quai de la Gare,22,,48.83704512015793,2.3728257245425723
METRO 6,Bercy,23,METRO 14,48.83908128024196,2.383028081146452
METRO 6,Dugommier,24,,48.83904114371398,2.389620014061439
METRO 6,Daumesnil,25,METRO 8,48.83944542837951,2.3961828864526327
METRO 6,Bel-Air,26,,48.84133824913213,2.4009185367798027
METRO 6,Picpus,27,,48.84506157994489,2.4012890198273484
METRO 6,Nation,28,"METRO 1, METRO 2, METRO 9, RER A",48.84823711041019,2.395823588826126
METRO 7 1,La Courneuve - 8 Mai 1945,1,,48.92078596906289,2.410598616469426
METRO 7 1,Fort d'Aubervilliers,2,,48.91494975727623,2.4044090887818643
METRO 7 1,Aubervilliers - Pantin - Quatre Chemins,3,,48.90378388105197,2.392221222535117
METRO 7 1,Porte de la Villette,4,,48.89738989158187,2.385508387668673
METRO 7 1,Corentin Cariou,5,,48.89465585833331,2.382160158371538
METRO 7 1,Crimée,6,,48.890906449558166,2.377090439088876
METRO 7 1,Riquet,7,,48.88796756174982,2.3734568878525493
METRO 7 1,Stalingrad,8,"METRO 2, METRO 5",48.88432566304799,2.3673720385654686
METRO 7 1,Louis Blanc,9,METRO 7BIS,48.88094656356074,2.3649934724001813
METRO 7 1,Château-Landon,10,,48.87844430039445,2.3619653022299603
METRO 7 1,Gare de l'Est,11,"METRO 4, METRO 5",48.8759910648072,2.357880771925327
METRO 7 1,Poissonnière,12,,48.877100185798646,2.3487755574768467
METRO 7 1,Cadet,13,,48.87600859381197,2.3445724820893283
METRO 7 1,Le Peletier,14,,48.87497174554318,2.34057598204372
METRO 7 1,Chaussée d'Antin - La Fayette,15,METRO 9,48.873252746484354,2.3339466825286297
METRO 7 1,Opéra,16,"METRO 3, METRO 8, RER A",48.86993903518653,2.332592489355912
METRO 7 1,Pyramides,17,METRO 14,48.86590673959417,2.3341895419682497
METRO 7 1,Palais Royal - Musée du Louvre,18,METRO 1,48.86234803084025,2.336496460942477
METRO 7 1,Pont Neuf,19,,48.85855382636669,2.342232759368107
METRO 7 1,Châtelet,20,"METRO 1, METRO 4, METRO 11, METRO 14, RER A, RER B, RER D",48.85763141070005,2.3480365654004016
METRO 7 1,Pont Marie,21,,48.85357547250359,2.357162571618337
METRO 7 1,Sully - Morland,22,,48.85162059096899,2.3615249655078383
METRO 7 1,Jussieu,23,METRO 10,48.84595066575015,2.355050264434754
METRO 7 1,Place Monge,24,,48.84286683068267,2.352224728183084
METRO 7 1,Censier - Daubenton,25,,48.84023383632875,2.3516064753021904
METRO 7 1,Les Gobelins,26,,48.83593030287887,2.3525422662627022
METRO 7 1,Place d'Italie,27,"METRO 5, METRO 6",48.8309272410005,2.356121938797104
METRO 7 1,Tolbiac,28,,48.82642601087568,2.357245650758686
METRO 7 1,Maison Blanche,29,METRO 14,48.82218265855656,2.358551348202204
METRO 7 1,Porte d'Italie,30,,48.81922334960906,2.35970521674602
METRO 7 1,Porte de Choisy,31,,48.81976126757109,2.3640154621825227
METRO 7 1,Porte d'Ivry,32,,48.82182955806905,2.370053603529677
METRO 7 1,Pierre et Marie Curie,33,,48.81593076305632,2.37726720151374
METRO 7 1,Mairie d'Ivry,34,,48.81052080428471,2.384289600960821
METRO 7 2,La Courneuve - 8 Mai 1945,1,,48.92078596906289,2.410598616469426
METRO 7 2,Fort d'Aubervilliers,2,,48.91494975727623,2.4044090887818643
METRO 7 2,Aubervilliers - Pantin - Quatre Chemins,3,,48.90378388105197,2.392221222535117
METRO 7 2,Porte de la Villette,4,,48.89738989158187,2.385508387668673
METRO 7 2,Corentin Cariou,5,,48.89465585833331,2.382160158371538
METRO 7 2,Crimée,6,,48.890906449558166,2.377090439088876
METRO 7 2,Riquet,7,,48.88796756174982,2.3734568878525493
METRO 7 2,Stalingrad,8,"METRO 2, METRO 5",48.88432566304799,2.3673720385654686
METRO 7 2,Louis Blanc,9,METRO 7BIS,48.88094656356074,2.3649934724001813
METRO 7 2,Château-Landon,10,,48.87844430039445,2.3619653022299603
METRO 7 2,Gare de l'Est,11,"METRO 4, METRO 5",48.8759910648072,2.357880771925327
METRO 7 2,Poissonnière,12,,48.877100185798646,2.3487755574768467
METRO 7 2,Cadet,13,,48.87600859381197,2.3445724820893283
METRO 7 2,Le Peletier,14,,48.87497174554318,2.34057598204372
METRO 7 2,Chaussée d'Antin - La Fayette,15,METRO 9,48.873252746484354,2.3339466825286297
METRO 7 2,Opéra,16,"METRO 3, METRO 8, RER A",48.86993903518653,2.332592489355912
METRO 7 2,Pyramides,17,METRO 14,48.86590673959417,2.3341895419682497
METRO 7 2,Palais Royal - Musée du Louvre,18,METRO 1,48.86234803084025,2.336496460942477
METRO 7 2,Pont Neuf,19,,48.85855382636669,2.342232759368107
METRO 7 2,Châtelet,20,"METRO 1, METRO 4, METRO 11, METRO 14, RER A, RER B, RER D",48.85763141070005,2.3480365654004016
METRO 7 2,Pont Marie,21,,48.85357547250359,2.357162571618337
METRO 7 2,Sully - Morland,22,,48.85162059096899,2.3615249655078383
METRO 7 2,Jussieu,23,METRO 10,48.84595066575015,2.355050264434754
METRO 7 2,Place Monge,24,,48.84286683068267,2.352224728183084
METRO 7 2,Censier - Daubenton,25,,48.84023383632875,2.3516064753021904
METRO 7 2,Les Gobelins,26,,48.83593030287887,2.3525422662627022
METRO 7 2,Place d'Italie,27,"METRO 5, METRO 6",48.8309272410005,2.356121938797104
METRO 7 2,Tolbiac,28,,48.82642601087568,2.357245650758686
METRO 7 2,Maison Blanche,29,METRO 14,48.82218265855656,2.358551348202204
METRO 7 2,Le Kremlin-Bicêtre,30,,48.81012995727394,2.362263387127349
METRO 7 2,Villejuif - Léo Lagrange,31,,48.80468812091137,2.3639531966021656
METRO 7 2,Villejuif - Paul Vaillant-Couturier,32,,48.79648308455054,2.3682695400496945
METRO 7 2,Villejuif - Louis Aragon,33,,48.78728035004914,2.366988444947912
METRO 8,Balard,1,METRO 12,48.83629530154249,2.278330259866024
METRO 8,Boucicaut,2,,48.84109405724891,2.287945766487378
METRO 8,Félix Faure,3,,48.84274677979288,2.2919124133178745
METRO 8,Commerce,4,,48.84479476371181,2.293951963648718
METRO 8,La Motte-Picquet – Grenelle,5,"METRO 6, METRO 10",48.848741665717824,2.2989309117480614
METRO 8,Ecole Militaire,6,,48.85489056687858,2.3064034857365168
METRO 8,La Tour-Maubourg,7,,48.85772541289347,2.310565960946845
METRO 8,Invalides,8,"METRO 13, METRO 12, RER C",48.86002845820203,2.3139151192031537
METRO 8,Concorde,9,"METRO 1, METRO 12",48.86628580458389,2.322943412243541
METRO 8,Madeleine,10,"METRO 12, METRO 14",48.87023324339993,2.325163546827897
METRO 8,Opéra,11,"METRO 3, METRO 7",48.86993903518653,2.332592489355912
METRO 8,Richelieu – Drouot,12,METRO 9,48.87169298457071,2.338463081008744
METRO 8,Grands Boulevards,13,METRO 9,48.87125654594185,2.34456106066273
METRO 8,Bonne Nouvelle,14,METRO 9,48.87059047801112,2.348491131078989
METRO 8,Strasbourg – Saint-Denis,15,METRO 4,48.86962886377852,2.354468813108209
METRO 8,République,16,"METRO 3, METRO 5, METRO 9, METRO 11",48.86702678847436,2.364247995104706
METRO 8,Filles du Calvaire,17,,48.8632579449589,2.366661093353452
METRO 8,Saint-Sébastien – Froissart,18,,48.861168864595705,2.3672108677856154
METRO 8,Chemin Vert,19,,48.85710325815475,2.368184114950699
METRO 8,Bastille,20,"METRO 1, METRO 5",48.85343942756841,2.3695135681565254
METRO 8,Ledru-Rollin,21,,48.85152370843435,2.3751010337556164
METRO 8,Faidherbe – Chaligny,22,,48.85017786279968,2.384092210055667
METRO 8,Reuilly – Diderot,23,METRO 1,48.84712872224063,2.387025242098632
METRO 8,Montgallet,24,,48.84406559730793,2.390482133980388
METRO 8,Daumesnil,25,METRO 6,48.83944542837951,2.3961828864526327
METRO 8,Michel Bizot,26,,48.83711700698872,2.402333164555185
METRO 8,Porte Dorée,27,,48.83552220834931,2.4066571471351024
METRO 8,Porte de Charenton,28,,48.83273670175476,2.400310403025077
METRO 8,Liberté,29,,48.82662006546349,2.4058519439819017
METRO 8,Charenton – Écoles,30,,48.821897939434606,2.413132938342708
METRO 8,Ecole Vétérinaire de Maisons-Alfort,31,,48.81480300700047,2.422376142845623
METRO 8,Maisons-Alfort – Stade,32,,48.809144361835415,2.4345098959239406
METRO 8,Maisons-Alfort – Les Juilliottes,33,,48.80335523705089,2.4455741010301444
METRO 8,Créteil – L’Echat,34,,48.79668213499687,2.4494128051458075
METRO 8,Créteil – Université,35,,48.78992046688944,2.45051152829059
METRO 8,Créteil – Préfecture,36,,48.78000282890859,2.4593631290764044
METRO 8,Pointe du Lac,37,,48.76943601869044,2.46485297938222
METRO 9,Pont de Sèvres,1,,48.829746119994304,2.231028100202621
METRO 9,Billancourt,2,,48.83173796437048,2.2374367869806067
METRO 9,Marcel Sembat,3,,48.83362878105417,2.2435786287393302
METRO 9,Porte de Saint-Cloud,4,,48.83796121443632,2.2571222298326203
METRO 9,Exelmans,5,,48.84241277035873,2.259608472752572
METRO 9,Michel-Ange – Molitor,6,METRO 10,48.84524756545478,2.261623492404886
METRO 9,Michel-Ange – Auteuil,7,METRO 10,48.84789565020843,2.2640820307462217
METRO 9,Jasmin,8,,48.85250409151217,2.268176749423332
METRO 9,Ranelagh,9,,48.855485050404425,2.2701091389418937
METRO 9,La Muette,10,RER C,48.85804605538448,2.274154629736559
METRO 9,Rue de la Pompe,11,,48.86394013069539,2.2784416488331494
METRO 9,Trocadéro,12,METRO 6,48.863065020217945,2.286243169328236
METRO 9,Iéna,13,,48.8647940649002,2.29416201539428
METRO 9,Alma – Marceau,14,,48.86476684497177,2.3009910034955845
METRO 9,Franklin D. Roosevelt,15,METRO 1,48.86869984735294,2.309505157337887
METRO 9,Saint-Philippe du Roule,16,,48.87204586272729,2.3100189324082736
METRO 9,Miromesnil,17,METRO 13,48.87376998959543,2.31445603617697
METRO 9,Saint-Augustin,18,,48.87447567664767,2.322001788877926
METRO 9,Havre – Caumartin,19,METRO 3,48.873513389595466,2.327543081726972
METRO 9,Saint-Lazare,20,"METRO 3, METRO 12, METRO 13, METRO 14, RER E",48.87515128791023,2.324380555428912
METRO 9,Chaussée d’Antin – La Fayette,21,METRO 7,48.873252746484354,2.3339466825286297
METRO 9,Richelieu – Drouot,22,METRO 8,48.87169298457071,2.338463081008744
METRO 9,Grands Boulevards,23,METRO 8,48.87125654594185,2.34456106066273
METRO 9,Bonne Nouvelle,24,METRO 8,48.87059047801112,2.348491131078989
METRO 9,Strasbourg – Saint-Denis,25,"METRO 4, METRO 8",48.86962886377852,2.354468813108209
METRO 9,République,26,"METRO 3, METRO 5, METRO 8, METRO 11",48.86702678847436,2.364247995104706
METRO 9,Oberkampf,27,METRO 5,48.86496414577929,2.3679014148417363
METRO 9,Saint-Ambroise,28,,48.86147646373029,2.373943508245182
METRO 9,Voltaire,29,,48.85787849486676,2.3800206442479825
METRO 9,Charonne,30,,48.855094494476994,2.384699760132844
METRO 9,Rue des Boulets,31,,48.85216836965024,2.3896255399759547
METRO 9,Nation,32,"METRO 1, METRO 2, METRO 6, RER A",48.84823711041019,2.395823588826126
METRO 9,Buzenval,33,,48.85197520932561,2.401927284511547
METRO 9,Maraîchers,34,,48.85272512017012,2.406089161868773
METRO 9,Porte de Montreuil,35,,48.85298727790375,2.410741136126437
METRO 9,Robespierre,36,,48.85572642863316,2.422983216145876
METRO 9,Croix de Chavaux,37,,48.85778351458649,2.434538451473474
METRO 9,Mairie de Montreuil,38,,48.86229941281971,2.441521809411032
METRO 10 1,Boulogne - Pont de Saint-Cloud,1,,48.84074501612618,2.228536981491632
METRO 10 1,Boulogne - Jean Jaurès,2,,48.842005347289565,2.238887327153073
METRO 10 1,Porte d’Auteuil,3,,48.847971541497,2.257744680363203
METRO 10 1,Michel-Ange Auteuil,4,METRO 9,48.84789565020843,2.2640820307462217
METRO 10 1,Eglise d’Auteuil,5,,48.84715005481051,2.26913587274288
METRO 10 1,Javel - André Citroën,6,RER C,48.84615720483247,2.278400386366102
METRO 10 1,Charles Michels,7,,48.8465346367312,2.2859992220590075
METRO 10 1,Avenue Émile Zola,8,,48.84699703133652,2.2950191304763616
METRO 10 1,La Motte-Picquet - Grenelle,9,"METRO 6, METRO 8",48.848741665717824,2.2989309117480614
METRO 10 1,Ségur,10,,48.84706613315245,2.3074022406196404
METRO 10 1,Duroc,11,METRO 13,48.84698910613954,2.3170052357372453
METRO 10 1,Vaneau,12,,48.8488163733696,2.3212578628937472
METRO 10 1,Sèvres - Babylone,13,METRO 12,48.8510317512393,2.3261023128241907
METRO 10 1,Mabillon,14,,48.8530167679172,2.335502051727558
METRO 10 1,Odéon,15,METRO 4,48.85230076309424,2.3397277815930964
METRO 10 1,Cluny - La Sorbonne,16,"RER B, RER C",48.851050282314304,2.344273345421352
METRO 10 1,Maubert - Mutualité,17,,48.85008987805251,2.3482087741854687
METRO 10 1,Cardinal Lemoine,18,,48.84665685124266,2.3516232550160123
METRO 10 1,Jussieu,19,METRO 7,48.84595066575015,2.355050264434754
METRO 10 1,Gare d'Austerlitz,20,"METRO 5, RER C",48.842436797924776,2.365184811993381
METRO 10 2,Boulogne - Pont de Saint-Cloud,1,,48.84074501612618,2.228536981491632
METRO 10 2,Boulogne - Jean Jaurès,2,,48.842005347289565,2.238887327153073
METRO 10 2,Michel-Ange Molitor,3,METRO 9,48.84524756545478,2.261623492404886
METRO 10 2,Chardon Lagache,4,,48.84520470358118,2.266441541719401
METRO 10 2,Mirabeau,5,,48.84713100819624,2.2727637533161595
METRO 10 2,Javel - André Citroën,6,RER C,48.84615720483247,2.278400386366102
METRO 10 2,Charles Michels,7,,48.8465346367312,2.2859992220590075
METRO 10 2,Avenue Émile Zola,8,,48.84699703133652,2.2950191304763616
METRO 10 2,La Motte-Picquet - Grenelle,9,"METRO 6, METRO 8",48.848741665717824,2.2989309117480614
METRO 10 2,Ségur,10,,48.84706613315245,2.3074022406196404
METRO 10 2,Duroc,11,METRO 13,48.84698910613954,2.3170052357372453
METRO 10 2,Vaneau,12,,48.8488163733696,2.3212578628937472
METRO 10 2,Sèvres - Babylone,13,METRO 12,48.8510317512393,2.3261023128241907
METRO 10 2,Mabillon,14,,48.8530167679172,2.335502051727558
METRO 10 2,Odéon,15,METRO 4,48.85230076309424,2.3397277815930964
METRO 10 2,Cluny - La Sorbonne,16,"RER B, RER C",48.851050282314304,2.344273345421352
METRO 10 2,Maubert - Mutualité,17,,48.85008987805251,2.3482087741854687
METRO 10 2,Cardinal Lemoine,18,,48.84665685124266,2.3516232550160123
METRO 10 2,Jussieu,19,METRO 7,48.84595066575015,2.355050264434754
METRO 10 2,Gare d'Austerlitz,20,"METRO 5, RER C",48.842436797924776,2.365184811993381
METRO 7BIS 1,Louis Blanc,1,METRO 7,48.88094656356074,2.3649934724001813
METRO 7BIS 1,Jaurès,2,"METRO 5, METRO 2",48.883193321300105,2.371933128614294
METRO 7BIS 1,Bolivar,3,,48.880667463456206,2.374495966260425
METRO 7BIS 1,Buttes Chaumont,4,,48.87851411402383,2.3816145119289653
METRO 7BIS 1,Botzaris,5,,48.87949310793359,2.3885668704791967
METRO 7BIS 1,Danube,6,,48.88181610818685,2.394012398359364
METRO 7BIS 1,Pré-Saint-Gervais,7,,48.880271957029535,2.3984681722681724
METRO 7BIS 2,Louis Blanc,7,METRO 7,48.88094656356074,2.3649934724001813
METRO 7BIS 2,Jaurès,6,"METRO 5, METRO 2",48.883193321300105,2.371933128614294
METRO 7BIS 2,Bolivar,5,,48.880667463456206,2.374495966260425
METRO 7BIS 2,Buttes Chaumont,4,,48.87851411402383,2.3816145119289653
METRO 7BIS 2,Botzaris,3,,48.87949310793359,2.3885668704791967
METRO 7BIS 2,Place des Fêtes,2,METRO 11,48.87694984811022,2.3929839648173936
METRO 7BIS 2,Pré-Saint-Gervais,1,,48.880271957029535,2.3984681722681724
METRO 11,Châtelet,1,"METRO 1, METRO 4, METRO 7, METRO 14, RER A, RER B, RER D",48.85763141070005,2.3480365654004016
METRO 11,Hôtel de Ville,2,METRO 1,48.85747798252935,2.3515775629949967
METRO 11,Rambuteau,3,,48.86120499033039,2.353495741491146
METRO 11,Arts et Métiers,4,METRO 3,48.86558647849898,2.356736756794993
METRO 11,République,5,"METRO 3, METRO 5, METRO 8, METRO 9",48.86702678847436,2.364247995104706
METRO 11,Goncourt,6,,48.86995751270301,2.3710948397312004
METRO 11,Belleville,7,METRO 2,48.87184879466127,2.3765936840968225
METRO 11,Pyrenées,8,,48.87388185415816,2.385316215101792
METRO 11,Jourdain,9,,48.87511181695599,2.389415032035528
METRO 11,Place des Fêtes,10,METRO 7BIS,48.87694984811022,2.3929839648173936
METRO 11,Télégraphe,11,,48.87547445667917,2.398867596625601
METRO 11,Porte des Lilas,12,METRO 3BIS,48.87663081498978,2.406999582693831
METRO 11,Mairie des Lilas,13,,48.87976125309794,2.416479643681515
METRO 11,Serge Gainsbourg,14,,48.88131606223431,2.4271855777339173
METRO 11,Romainville–Carnot,15,,48.8831359021221,2.44082220524926
METRO 11,Montreuil – Hôpital,16,,48.87833670193852,2.454714211064978
METRO 11,La Dhuys,17,,48.87799338768989,2.4654717467571627
METRO 11,Coteaux Beauclair,18,,48.88224373133741,2.4673561174182512
METRO 11,Rosny–Bois-Perrier,19,RER E,48.88275159763064,2.4805111480606854
METRO 12,Mairie d'Aubervilliers,1,,48.913710545549606,2.380735606395094
METRO 12,Aimé Césaire,2,,48.90808243782026,2.377741481106109
METRO 12,Front Populaire,3,,48.90656714598029,2.3659203194009595
METRO 12,Porte de la Chapelle,4,,48.89839212567743,2.358375469325785
METRO 12,Marcadet – Poissonniers,5,RER E,48.89143955488239,2.349627158227453
METRO 12,Jules Joffrin,6,,48.89241892294572,2.3447646117383565
METRO 12,Lamarck – Caulaincourt,7,,48.88967407389343,2.338760650528743
METRO 12,Abbesses,8,,48.884594208027806,2.3379497756920697
METRO 12,Pigalle,9,,48.88224953318808,2.3371645394451463
METRO 12,Saint-Georges,10,,48.87817339105656,2.337857510381017
METRO 12,Notre-Dame-de-Lorette,11,,48.876047496005405,2.337495844533765
METRO 12,Trinité – d'Estienne d'Orves,12,,48.87633026495961,2.333108893760544
METRO 12,Saint-Lazare,13,,48.87515128791023,2.324380555428912
METRO 12,Madeleine,14,"METRO 2, METRO 12",48.87023324339993,2.325163546827897
METRO 12,Concorde,15,,48.86628580458389,2.322943412243541
METRO 12,Assemblée Nationale,16,,48.86078696352672,2.3209981919540845
METRO 12,Solférino,17,,48.85849912371638,2.323167611246745
METRO 12,Rue du Bac,18,"METRO 3, METRO 12, METRO 13, RER E",48.85519632481491,2.325815566511529
METRO 12,Sèvres – Babylone,19,"METRO 8, METRO 12, METRO 14",48.8510317512393,2.3261023128241907
METRO 12,Rennes,20,"METRO 1, METRO 8, METRO 12",48.84845784944872,2.3277821284985807
METRO 12,Notre-Dame-des-Champs,21,,48.84494263342596,2.32877802689008
METRO 12,Montparnasse – Bienvenüe,22,,48.842102207208605,2.321278562744628
METRO 12,Falguière,23,,48.84447014129587,2.317852783041332
METRO 12,Pasteur,24,"METRO 10, METRO 12",48.842871275006345,2.3124475130659863
METRO 12,Volontaires,25,,48.84150552236008,2.3079486779742893
METRO 12,Vaugirard,26,,48.839516585402485,2.3011075162423964
METRO 12,Convention,27,"METRO 4, METRO 6, METRO 12, METRO 13",48.837099428223645,2.296231386803389
METRO 12,Porte de Versailles,28,,48.832676871877865,2.288069457597242
METRO 12,Porte de Vanves,29,,48.82779554349536,2.305534669653895
METRO 12,Corentin Celton,30,,48.82708544889644,2.2794116820504207
METRO 12,Mairie d’Issy,31,,48.82430937109403,2.273665557499754
METRO 13 1,Saint-Denis Université,1,,48.94586727214251,2.3646364825042263
METRO 13 1,Basilique de Saint-Denis,2,,48.93805733112318,2.360792492279713
METRO 13 1,Saint-Denis Porte de Paris,3,,48.92981642738063,2.3572920708824574
METRO 13 1,Carrefour Pleyel,4,,48.91900755521728,2.342608014423156
METRO 13 1,Mairie de Saint-Ouen,5,,48.91196489788089,2.3339248904797145
METRO 13 1,Garibaldi,6,,48.90609405024863,2.3318308379624098
METRO 13 1,Porte de Saint-Ouen,7,,48.89767181948477,2.3298303344938858
METRO 13 1,Guy Môquet,8,,48.892206827747096,2.3272198679191285
METRO 13 1,La Fourche,9,,48.88718394686579,2.3257796748068915
METRO 13 1,Place de Clichy,10,METRO 14,48.88399982489613,2.32853013989038
METRO 13 1,Liège,11,,48.87963476065682,2.3270222008895027
METRO 13 1,Saint-Lazare,12,,48.87515128791023,2.324380555428912
METRO 13 1,Miromesnil,13,,48.87376998959543,2.31445603617697
METRO 13 1,Champs-Elysées Clemenceau,14,,48.86760214522151,2.3138941304816147
METRO 13 1,Invalides,15,METRO 2,48.86002845820203,2.3139151192031537
METRO 13 1,Varenne,16,,48.85687137924919,2.315056637317088
METRO 13 1,Saint-François-Xavier,17,"METRO 3, METRO 12, METRO 14, RER E",48.85144170744032,2.314408121472487
METRO 13 1,Duroc,18,METRO 9,48.84698910613954,2.3170052357372453
METRO 13 1,Montparnasse – Bienvenüe,19,METRO 1,48.842102207208605,2.321278562744628
METRO 13 1,Gaîté,20,"METRO 8, RER C",48.838631646237154,2.322491748462238
METRO 13 1,Pernety,21,,48.83422588267789,2.318616414425384
METRO 13 1,Plaisance,22,,48.83182565048563,2.3141223234590225
METRO 13 1,Porte de Vanves,23,METRO 10,48.82779554349536,2.305534669653895
METRO 13 1,Malakoff - Plateau de Vanves,24,"METRO 4, METRO 6, METRO 12",48.822583707737074,2.298464191958535
METRO 13 1,Malakoff – Rue Étienne Dolet,25,,48.81530753120022,2.2970777969729843
METRO 13 1,Châtillon – Montrouge,26,,48.810746486780936,2.3016785554824284
METRO 13 2,Les Courtilles,1,,48.93075700423553,2.284174448270923
METRO 13 2,Les Agnettes,2,,48.92310377966602,2.2862795775297826
METRO 13 2,Gabriel Péri,3,,48.916382309922106,2.294685111702554
METRO 13 2,Mairie de Clichy,4,,48.90323367878661,2.306010915009083
METRO 13 2,Porte de Clichy,5,,48.8946243340091,2.3142338462894254
METRO 13 2,Brochant,6,,48.89058718661181,2.320174757151551
METRO 13 2,La Fourche,7,,48.88718394686579,2.3257796748068915
METRO 13 2,Place de Clichy,8,,48.88399982489613,2.32853013989038
METRO 13 2,Liège,9,,48.87963476065682,2.3270222008895027
METRO 13 2,Saint-Lazare,10,"METRO 14, RER C",48.87515128791023,2.324380555428912
METRO 13 2,Miromesnil,11,,48.87376998959543,2.31445603617697
METRO 13 2,Champs-Elysées Clemenceau,12,,48.86760214522151,2.3138941304816147
METRO 13 2,Invalides,13,METRO 2,48.86002845820203,2.3139151192031537
METRO 13 2,Varenne,14,,48.85687137924919,2.315056637317088
METRO 13 2,Saint-François-Xavier,15,"METRO 3, METRO 12, METRO 14, RER E",48.85144170744032,2.314408121472487
METRO 13 2,Duroc,16,METRO 9,48.84698910613954,2.3170052357372453
METRO 13 2,Montparnasse – Bienvenüe,17,METRO 1,48.842102207208605,2.321278562744628
METRO 13 2,Gaîté,18,"METRO 8, RER C",48.838631646237154,2.322491748462238
METRO 13 2,Pernety,19,,48.83422588267789,2.318616414425384
METRO 13 2,Plaisance,20,,48.83182565048563,2.3141223234590225
METRO 13 2,Porte de Vanves,21,METRO 10,48.82779554349536,2.305534669653895
METRO 13 2,Malakoff - Plateau de Vanves,22,"METRO 4, METRO 6, METRO 12",48.822583707737074,2.298464191958535
METRO 13 2,Malakoff – Rue Étienne Dolet,23,,48.81530753120022,2.2970777969729843
METRO 13 2,Châtillon – Montrouge,24,,48.810746486780936,2.3016785554824284
METRO 14,Saint-Denis–Pleyel,1,"METRO 13, RER D, RER E",48.91746894101899,2.3465446215359846
METRO 14,Mairie de Saint-Ouen,2,METRO 13,48.91196489788089,2.3339248904797145
METRO 14,Saint-Ouen,3,RER C,48.9045663899011,2.3226263683342268
METRO 14,Porte de Clichy,4,"METRO 13, RER C",48.8946243340091,2.3142338462894254
METRO 14,Pont Cardinet,5,,48.88956082831538,2.3151768973047844
METRO 14,Saint-Lazare,6,"METRO 3, METRO 12, METRO 13, METRO 14, RER E",48.87515128791023,2.324380555428912
METRO 14,Madeleine,7,"METRO 8, METRO 12, METRO 14",48.87023324339993,2.325163546827897
METRO 14,Pyramides,8,"METRO 7, METRO 14",48.86590673959417,2.3341895419682497
METRO 14,Châtelet,9,"METRO 1, METRO 4, METRO 7, METRO 11, METRO 14, RER A, RER B, RER D",48.85763141070005,2.3480365654004016
METRO 14,Gare de Lyon,10,"METRO 1, METRO 14, RER A, RER D",48.84476017126674,2.373593653262281
METRO 14,Bercy,11,"METRO 6, METRO 14",48.83908128024196,2.383028081146452
METRO 14,Cour Saint-Émilion,12,,48.83333855925167,2.386632402066985
METRO 14,Bibliothèque François Mitterrand,13,RER C,48.82999019989919,2.375747983215603
METRO 14,Olympiades,14,METRO 14,48.82727083601133,2.3680326484142777
METRO 14,Maison Blanche,15,METRO 7,48.82218265855656,2.358551348202204
METRO 14,Hôpital Bicêtre,16,,48.80981003194872,2.349750100298353
METRO 14,Villejuif–Gustave Roussy,17,,48.79305491267365,2.34936523945399
METRO 14,L'Haÿ-les-Roses,18,,48.77531361288962,2.354364943199496
METRO 14,Chevilly-Larue,19,,48.75955015404931,2.366485372253663
METRO 14,Thiais–Orly,20,,48.746978700693774,2.372839696785623
METRO 14,Aéroport d'Orly,21,,48.72955072266279,2.3682641286195816
